city,country,population,lat,lon,temperature,windspeed,winddirection,pm25,pm10,no2,o3
Tokyo,Japan,37036200,35.6768601,139.7638947,5.2,11.2,354.0,7.4,7.9,19.2,63.0
Delhi,India,34665600,28.6328027,77.2197713,23.3,3.8,311.0,95.9,97.6,16.9,238.0
Shanghai,China,30482100,31.2323437,121.4691024,10.7,12.0,57.0,12.3,15.3,20.2,69.0
Dhaka,Bangladesh,24652900,23.7643863,90.3890144,25.3,2.9,360.0,36.3,38.4,14.1,173.0
Cairo,Egypt,23074200,30.0443879,31.2357257,16.4,11.2,195.0,14.7,32.0,31.0,33.0
Sao Paulo,Brazil,22990000,-23.5506507,-46.6333824,18.0,2.0,315.0,18.9,19.8,24.4,40.0
Mexico City,Mexico,22752400,19.4326296,-99.1331785,10.2,4.3,246.0,65.9,65.9,89.4,0.0
Beijing,China,22596500,39.9057136,116.3912972,-4.2,3.8,73.0,69.4,71.9,61.6,7.0
Mumbai,India,22089000,19.054999,72.8692035,26.7,4.0,265.0,49.0,49.4,33.2,274.0
Osaka,Japan,18921600,34.6937569,135.5014539,5.6,9.7,360.0,4.4,5.6,6.3,76.0
Chongqing,China,18171200,30.8101669,108.4034084,13.8,5.3,28.0,70.1,71.7,18.2,63.0
Karachi,Pakistan,18076800,24.8546842,67.0207055,25.6,8.7,253.0,21.1,27.5,16.2,123.0
Kinshasa,DR Congo,17778500,-4.32171,15.3122511,26.8,0.8,63.0,42.0,42.6,13.2,57.0
Lagos,Nigeria,17156400,6.4550575,3.3941795,27.8,1.3,236.0,34.8,43.0,13.5,57.0
Istanbul,Turkey,16236700,41.006381,28.9758715,9.4,3.4,122.0,85.8,110.4,74.7,2.0
Kolkata,India,15845200,22.5726459,88.3638953,24.4,6.1,360.0,78.5,83.6,0.9,254.0
Buenos Aires,Argentina,15752300,-34.6095579,-58.3887904,19.2,10.9,287.0,8.2,8.5,15.5,32.0
Manila,Philippines,15230600,14.5904492,120.9803621,29.6,16.8,48.0,9.5,11.3,5.7,91.0
Guangzhou,China,14878700,23.1301964,113.2592945,23.0,5.8,112.0,42.8,43.2,36.4,112.0
Lahore,Pakistan,14825800,31.5656822,74.3141829,22.1,3.6,264.0,102.4,103.4,22.9,262.0
Tianjin,China,14704100,39.0844897,117.1956724,-2.0,9.4,58.0,40.4,41.8,52.7,14.0
Bangalore,India,14395400,12.9767936,77.590082,25.6,10.5,68.0,29.9,31.5,2.7,149.0
Rio de Janeiro,Brazil,13923200,-22.9110137,-43.2093727,23.8,1.8,259.0,20.1,22.3,23.6,47.0
Shenzhen,China,13545400,22.5445741,114.0545429,23.0,12.4,98.0,34.7,35.7,29.3,119.0
Moscow,Russia,12737400,55.7505412,37.6174782,4.4,8.6,268.0,28.3,34.9,64.4,1.0
Chennai,India,12336000,13.0836939,80.270186,28.5,12.6,27.0,38.3,43.5,1.2,154.0
Bogota,Colombia,11795800,4.6533817,-74.0836331,12.8,6.9,84.0,15.5,15.6,16.2,16.0
Jakarta,Indonesia,11634100,-6.1754049,106.827168,30.5,12.6,333.0,33.5,34.3,17.6,144.0
Lima,Peru,11517300,-12.0459808,-77.0305912,19.0,3.7,151.0,9.4,14.6,15.5,28.0
Bangkok,Thailand,11391700,13.7524938,100.4935089,28.6,5.4,4.0,34.5,34.7,11.7,244.0
Paris,France,11346800,48.8588897,2.320041,10.2,9.0,178.0,19.1,22.8,42.1,1.0
Hyderabad,India,11337900,17.360589,78.4740613,27.3,6.8,72.0,21.7,24.4,1.4,172.0
Nanjing,China,10174900,32.0438284,118.7788631,11.1,18.7,79.0,18.0,20.5,24.1,61.0
Luanda,Angola,10027900,-8.8272699,13.2439512,26.5,7.7,169.0,11.8,14.0,5.5,71.0
Seoul,South Korea,10025800,37.5666791,126.9782914,5.1,3.8,49.0,11.8,13.2,44.4,31.0
Chengdu,China,9998870,30.659867,104.063315,14.2,15.3,71.0,51.7,53.0,45.1,40.0
London,United Kingdom,9840740,51.5074456,-0.1277653,10.9,8.0,190.0,6.7,9.8,27.5,21.0
Ho Chi Minh City,Vietnam,9816320,10.7755254,106.7021047,31.9,8.3,90.0,13.1,15.1,8.4,112.0
Tehran,Iran,9729740,35.6892523,51.3896004,9.3,4.6,231.0,27.8,28.6,65.5,18.0
Nagoya,Japan,9534790,35.1851045,136.8998438,5.1,11.3,333.0,3.7,4.7,4.5,76.0
Xi-an,China,9222080,34.261004,108.9423363,6.9,15.1,271.0,27.6,54.1,16.8,50.0
Ahmedabad,India,9061820,23.0215374,72.5800568,29.1,5.8,86.0,15.9,15.9,6.8,152.0
Kuala Lumpur,Malaysia,9000280,3.1516964,101.6942371,32.2,10.8,249.0,36.0,36.7,7.3,212.0
Wuhan,China,8986480,30.5951051,114.2999353,10.6,17.0,5.0,68.9,70.3,36.9,27.0
Suzhou,China,8592820,31.311123,120.6212881,11.6,15.0,66.0,31.4,34.2,52.0,35.0
Hangzhou,China,8591040,30.2489634,120.2052342,12.6,14.8,86.0,18.0,21.8,24.0,70.0
Surat,India,8581730,21.2094892,72.8317058,30.9,6.4,74.0,35.4,35.5,33.6,105.0
Dar es Salaam,Tanzania,8561520,-6.8160837,39.2803583,31.7,9.7,48.0,5.6,7.6,1.1,66.0
New York City,United States,8412513,40.7127281,-74.0060152,-3.6,17.7,276.0,2.0,2.1,7.2,67.0
Baghdad,Iraq,8141120,33.3061701,44.3872213,14.8,6.5,161.0,21.0,24.1,50.0,25.0
Shenyang,China,7974270,41.8026095,123.4279105,-7.5,4.3,355.0,24.9,26.4,35.7,35.0
Riyadh,Saudi Arabia,7952860,24.638916,46.7160104,18.4,4.8,77.0,98.3,808.4,29.0,44.0
Foshan,China,7817160,23.0239788,113.1159558,22.9,7.9,114.0,42.8,43.2,36.4,112.0
Dongguan,China,7772860,23.0183568,113.7452332,23.8,7.6,87.0,29.7,30.2,15.3,122.0
Pune,India,7525720,18.5213738,73.8545071,29.0,13.3,93.0,15.2,15.4,1.2,154.0
Santiago,Chile,6999460,-33.4377756,-70.6504502,15.4,5.2,236.0,16.6,17.3,25.4,9.0
Madrid,Spain,6810530,40.416782,-3.703507,7.1,4.1,52.0,23.7,34.6,48.5,0.0
Khartoum,Sudan,6754180,15.5038301,32.5738979,23.9,15.9,6.0,20.7,83.1,1.8,71.0
Toronto,Canada,6491290,43.6534817,-79.3839347,-9.3,12.6,268.0,1.9,2.1,8.4,74.0
Johannesburg,South Africa,6444580,-26.205,28.049722,19.5,15.5,347.0,12.9,13.1,8.1,94.0
Belo Horizonte,Brazil,6351680,-19.9227318,-43.9450948,20.4,2.6,56.0,7.8,7.8,12.8,32.0
Dalian,China,6347380,38.9130495,121.6098013,-2.0,9.4,360.0,14.4,14.8,31.3,43.0
Qingdao,China,6217970,36.0663249,120.3777659,3.4,9.4,4.0,10.2,12.0,11.1,68.0
Singapore,Singapore,6157270,1.2899175,103.8519072,30.0,0.5,225.0,17.1,17.6,26.1,121.0
Zhengzhou,China,6156140,34.7472531,113.619321,-0.9,10.5,49.0,28.6,30.7,27.9,36.0
Ji nan Shandong,China,6065850,36.6584401,116.9552149,0.3,9.4,50.0,23.2,25.8,25.4,35.0
Abidjan,Ivory Coast,6056880,5.320357,-4.016107,26.6,3.9,202.0,8.5,13.8,2.6,58.0
Addis Ababa,Ethiopia,5956680,9.0358287,38.7524127,19.9,16.5,110.0,8.3,13.8,0.5,105.0
Yangon,Myanmar,5813190,16.7967129,96.1609916,29.9,6.8,58.0,7.5,7.5,1.2,129.0
Alexandria,Egypt,5807050,31.1991806,29.8951716,19.1,13.8,317.0,7.3,15.4,7.1,74.0
Nairobi,Kenya,5766990,-1.3026148,36.828842,21.0,15.5,68.0,12.9,13.5,1.6,90.0
Barcelona,Spain,5733250,41.3825802,2.177073,8.5,6.1,310.0,32.8,40.6,59.4,8.0
Chittagong,Bangladesh,5653490,22.333778,91.8344348,24.2,9.7,318.0,4.6,4.7,1.2,122.0
Hanoi,Vietnam,5602200,21.0283334,105.854041,22.0,1.8,90.0,66.4,67.5,23.9,135.0
Saint Petersburg,Russia,5597340,59.938732,30.316229,-0.9,16.6,353.0,11.4,15.8,66.3,18.0
Guadalajara,Mexico,5578580,20.6720375,-103.338396,15.4,2.1,239.0,25.6,25.8,47.5,42.0
Ankara,Turkey,5550490,39.9207759,32.8540497,2.8,0.5,135.0,41.0,48.9,54.0,15.0
Fukuoka,Japan,5465920,33.5898988,130.4017509,9.7,18.2,52.0,2.7,2.9,9.3,66.0
Melbourne,Australia,5391890,-37.8142454,144.9631732,32.0,3.7,331.0,6.5,6.7,8.4,84.0
Monterrey,Mexico,5272360,25.6802019,-100.315258,15.6,6.6,279.0,16.1,16.3,39.9,29.0
Sydney,Australia,5248790,-33.8698439,151.2082848,20.1,7.6,85.0,3.9,5.4,10.6,51.0
Urumqi,China,5132170,43.8244074,87.6139038,-13.9,14.3,326.0,48.8,51.1,47.3,47.0
Changsha,China,5128270,28.2312227,112.9334574,12.1,19.9,340.0,97.1,97.3,27.0,67.0
Cape Town,South Africa,5063580,-33.9288301,18.4172197,16.1,30.3,344.0,9.7,12.2,3.3,57.0
Jiddah,Saudi Arabia,5021600,21.5504432,39.1742363,26.8,14.9,8.0,41.7,334.3,23.6,76.0
Brasilia,Brazil,4990930,-15.7939869,-47.8828,18.8,3.4,288.0,20.9,21.0,19.3,22.0
Kunming,China,4955680,25.0363006,102.7086139,16.3,20.6,264.0,10.2,10.9,2.0,121.0
Changchun,China,4891020,43.8844201,125.3180998,-9.7,7.9,204.0,16.4,17.1,25.5,36.0
Kabul,Afghanistan,4877020,34.5269503,69.1850584,13.6,5.5,79.0,6.6,12.0,3.0,96.0
Yaounde,Cameroon,4854260,3.8689867,11.5213344,23.9,4.1,135.0,19.6,28.8,1.5,67.0
Hefei,China,4830170,31.8665676,117.281428,11.6,14.5,83.0,21.5,22.9,26.5,59.0
Ningbo,China,4770300,29.8622194,121.6203873,12.9,11.9,35.0,11.3,14.8,10.6,86.0
Shantou,China,4737590,23.3563921,116.6775856,22.0,19.6,77.0,25.9,28.6,7.2,118.0
Kano,Nigeria,4645320,11.9939978,8.5219738,21.1,4.7,90.0,130.4,312.0,6.7,80.0
Tel Aviv,Israel,4568530,32.0852997,34.7818064,16.5,11.2,176.0,9.7,12.2,14.8,54.0
New Taipei,Taiwan,4563850,25.011997,121.4656619,20.5,12.6,53.0,26.3,31.3,27.6,75.0
Shijiazhuang,China,4534990,38.0429742,114.5088385,-1.5,6.0,73.0,24.9,26.7,40.8,27.0
Jaipur,India,4411110,26.9154576,75.8189817,27.8,4.5,256.0,8.4,8.5,1.3,143.0
Kozhikode,India,4387410,11.2450558,75.7754716,29.9,8.8,235.0,41.1,43.4,1.3,178.0
Nanning,China,4383600,22.8193063,108.3627211,21.1,6.4,142.0,33.1,33.6,7.3,114.0
Montreal,Canada,4377310,45.5031824,-73.5698065,-9.7,23.5,255.0,2.1,2.8,3.2,76.0
Rome,Italy,4347100,41.8933203,12.4829321,3.2,2.6,16.0,28.1,34.4,48.0,7.0
Douala,Cameroon,4346420,4.0429389,9.7062018,26.5,4.3,66.0,17.3,28.3,4.4,56.0
Recife,Brazil,4344050,-8.0584933,-34.8848193,24.0,1.8,349.0,9.7,14.7,1.2,46.0
Malappuram,India,4343910,11.0428925,76.0807838,31.5,1.3,146.0,28.2,29.9,1.0,150.0
Taiyuan Shanxi,China,4305290,37.922449,112.5402281,-5.3,4.5,104.0,24.4,24.9,29.8,48.0
Fortaleza,Brazil,4284450,-3.7304512,-38.5217989,25.4,7.5,107.0,7.4,12.0,0.7,38.0
Porto Alegre,Brazil,4268960,-30.0324999,-51.2303767,22.8,1.8,11.0,12.5,12.7,9.2,31.0
Kampala,Uganda,4265160,0.3177137,32.5813539,24.2,11.2,320.0,23.3,24.3,1.0,91.0
Ekurhuleni,South Africa,4262130,-26.3086541,28.1273954,19.6,15.4,344.0,14.0,14.1,5.9,113.0
Antananarivo,Madagascar,4228980,-18.9100122,47.5255809,22.5,17.3,111.0,2.4,2.5,0.7,54.0
Abuja,Nigeria,4209940,9.0643305,7.4892974,29.5,9.0,119.0,92.4,217.0,7.2,94.0
Changzhou,China,4180040,31.8122623,119.9691539,11.5,19.3,76.0,12.5,14.8,21.7,59.0
Medellin,Colombia,4172810,6.2697325,-75.6025597,22.0,3.2,63.0,22.8,22.9,27.0,24.0
Ibadan,Nigeria,4144130,7.3786064,3.8969928,25.2,5.0,201.0,23.9,49.8,4.6,91.0
Lucknow,India,4132670,26.8381,80.9346001,24.7,1.0,315.0,87.8,89.6,1.4,215.0
Nanchang,China,4104120,28.687547,115.8540042,13.9,12.0,16.0,40.5,41.1,24.9,56.0
Wenzhou,China,4093180,27.9963899,120.695345,17.1,11.3,73.0,13.6,16.1,11.9,89.0
Xiamen,China,4077760,24.4801069,118.0853479,21.1,19.2,52.0,28.1,29.3,22.0,84.0
Kumasi,Ghana,4036230,6.6985605,-1.6233086,25.1,3.3,193.0,16.7,22.9,3.1,62.0
Salvador,Brazil,4029910,-12.9822499,-38.4812772,25.5,9.4,23.0,8.1,10.1,4.7,38.0
Casablanca,Morocco,4012310,33.5945144,-7.6200284,12.6,8.8,168.0,11.3,14.4,20.4,38.0
Bekasi,Indonesia,3926050,-6.2349858,106.9945444,33.2,10.6,325.0,24.9,26.1,10.6,126.0
Faisalabad,Pakistan,3892830,31.4220558,73.0923253,21.8,3.3,276.0,71.2,71.9,12.8,182.0
Curitiba,Brazil,3889140,-25.4295963,-49.2712724,15.5,2.7,23.0,13.2,13.5,15.3,25.0
Los Angeles,United States,3874297,34.0536909,-118.242766,13.0,2.9,353.0,51.1,51.2,64.7,0.0
Port Harcourt,Nigeria,3793780,4.7676576,7.0188527,30.1,5.2,155.0,31.4,51.2,7.8,67.0
Guiyang,China,3736730,26.6499922,106.6246178,18.5,2.6,214.0,33.3,33.4,8.7,99.0
Thrissur,India,3719980,10.5270099,76.214621,32.9,15.0,69.0,33.2,34.5,0.9,145.0
Dakar,Senegal,3658640,14.693425,-17.447938,22.3,15.9,33.0,24.0,84.3,1.2,56.0
Santo Domingo,Dominican Republic,3648110,18.4713858,-69.8918436,20.3,6.3,329.0,16.3,17.6,29.6,19.0
Asuncion,Paraguay,3627220,-25.2800459,-57.6343814,23.1,4.7,86.0,7.9,8.1,3.1,37.0
Kochi,India,3604550,9.9679032,76.2444378,28.2,7.1,246.0,37.8,39.7,2.3,185.0
Berlin,Germany,3580190,52.5173885,13.3951309,3.8,4.4,235.0,19.6,24.2,38.5,2.0
Wuxi,China,3559030,31.5776626,120.2952752,11.4,14.6,70.0,15.7,18.2,31.6,53.0
Sanaa,Yemen,3527430,15.3538569,44.2058841,19.8,4.1,38.0,6.9,15.5,0.2,91.0
Ouagadougou,Burkina Faso,3520820,12.3681873,-1.5270944,22.5,3.1,69.0,44.9,239.3,3.1,64.0
Campinas,Brazil,3491580,-22.9056391,-47.059564,18.4,3.3,84.0,65.2,66.4,40.1,19.0
Busan,South Korea,3484430,35.1799528,129.0752365,6.1,10.7,50.0,6.0,8.0,14.7,65.0
Indore,India,3482830,22.7203616,75.8681996,26.8,8.2,75.0,15.1,15.3,0.3,136.0
Lusaka,Zambia,3470870,-15.4163395,28.2818414,21.5,21.6,66.0,4.0,4.4,0.2,54.0
Mashhad,Iran,3460660,36.2974945,59.6059232,13.1,5.4,356.0,20.9,31.3,30.7,54.0
Puebla,Mexico,3443290,19.0437196,-98.1981486,9.1,6.0,327.0,28.3,28.4,57.4,8.0
Lanzhou,China,3430880,36.0615192,103.8318849,-5.2,23.7,57.0,7.4,7.9,8.1,67.0
Kuwait City,Kuwait,3405000,29.3796532,47.9734174,16.5,5.7,325.0,48.4,62.9,37.3,55.0
Kanpur,India,3345370,26.4609135,80.3217588,23.8,5.4,312.0,69.8,71.0,2.1,197.0
Durban,South Africa,3301090,-29.861825,31.009909,33.3,9.8,352.0,11.2,15.4,1.7,73.0
Guayaquil,Ecuador,3244750,-2.2895167,-80.0983887,21.2,8.4,260.0,9.1,14.6,2.9,49.0
Guatemala City,Guatemala,3229740,14.6416142,-90.5132836,15.3,9.5,351.0,16.2,16.3,11.8,25.0
Depok,Indonesia,3218290,-6.40719,106.8158371,32.8,10.4,272.0,24.9,26.1,10.6,126.0
Pyongyang,North Korea,3209300,39.0167979,125.7473609,1.1,5.4,8.0,10.1,10.3,12.7,52.0
Bamako,Mali,3180340,12.649319,-8.000337,22.9,5.5,349.0,31.7,93.6,2.4,42.0
Nagpur,India,3170180,21.1498134,79.0820556,27.1,6.2,69.0,15.2,15.5,11.5,116.0
Milan,Italy,3167450,45.4641943,9.1896346,3.0,7.0,258.0,68.8,74.0,59.9,1.0
Handan,China,3159030,36.6107711,114.4857072,-1.7,12.6,31.0,21.6,23.3,22.6,43.0
Coimbatore,India,3158720,11.0018115,76.9628425,27.9,17.7,57.0,20.1,21.4,0.9,140.0
Mbuji-Mayi,DR Congo,3158340,-6.1258942,23.5998111,25.2,4.8,103.0,17.5,17.6,1.0,57.0
Athens,Greece,3155320,37.9755648,23.7348324,12.1,2.8,40.0,26.7,34.8,59.9,13.0
Izmir,Turkey,3152090,38.4192537,27.128469,11.6,2.3,162.0,21.5,25.8,38.3,26.0
Huaian,China,3152050,33.5978169,119.0196971,8.1,14.1,71.0,9.3,11.1,9.4,68.0
Surabaya,Indonesia,3137620,-7.2462836,112.7377674,31.6,12.3,339.0,31.7,33.3,11.4,158.0
Port-au-Prince,Haiti,3133080,18.547327,-72.3395928,26.4,8.0,95.0,42.8,44.1,18.4,33.0
Dubai,United Arab Emirates,3094640,25.2296341,55.289585,27.1,9.8,204.0,25.9,61.5,33.3,65.0
Zhongshan,China,3093870,22.5197073,113.3872302,23.1,12.2,109.0,36.2,36.9,35.0,107.0
Thiruvananthapuram,India,3072530,8.4882267,76.947551,31.5,9.5,217.0,48.2,50.8,2.0,185.0
Weifang,China,3064290,36.7071591,119.1557441,1.1,9.3,16.0,18.6,21.0,23.7,44.0
Lubumbashi,DR Congo,3061340,-11.6642316,27.4826264,20.5,7.4,219.0,2.7,2.7,0.4,55.0
Lisbon,Portugal,3028270,38.7077507,-9.1365919,13.4,6.3,167.0,7.5,10.2,23.6,38.0
Kiev,Ukraine,3018160,50.4500336,30.5241361,5.9,11.3,277.0,10.2,13.6,13.9,34.0
Caracas,Venezuela,3015110,10.5060934,-66.9146008,19.5,6.3,167.0,9.3,10.6,8.3,34.0
Algiers,Algeria,3004130,36.7729333,3.0588445,11.6,2.1,211.0,20.4,31.2,49.5,8.0
Pretoria,South Africa,2955410,-25.7459277,28.1879101,22.0,12.6,347.0,6.2,6.5,1.7,88.0
Shaoxing,China,2951330,29.9992425,120.576854,12.5,19.2,62.0,15.5,18.9,14.4,79.0
Shizuoka,Japan,2930170,34.9751974,138.3831697,10.2,4.4,145.0,5.1,5.5,11.1,71.0
Goiania,Brazil,2927080,-16.680882,-49.2532691,21.9,1.9,22.0,11.1,11.2,17.4,15.0
Cali,Colombia,2916790,3.4519988,-76.5325259,17.3,3.2,333.0,2.2,2.2,7.8,33.0
Yantai,China,2898490,37.461928,121.4425255,2.4,14.4,22.0,5.1,7.3,4.5,72.0
Huizhou,China,2890880,23.1125153,114.4127007,23.3,8.6,75.0,26.4,26.8,10.4,109.0
Zibo,China,2876180,36.8129564,118.0488401,0.8,8.2,67.0,28.6,31.3,36.1,28.0
Incheon,South Korea,2873700,37.456,126.7052,4.4,8.2,52.0,27.5,28.8,58.8,13.0
Mogadishu,Somalia,2846420,2.0349312,45.3419183,30.2,19.4,68.0,9.5,12.3,0.1,72.0
Manchester,United Kingdom,2832580,53.4794892,-2.2451148,8.6,5.8,292.0,5.4,7.2,23.7,37.0
Brazzaville,Republic of the Congo,2813480,-4.2694407,15.2712256,26.1,1.1,108.0,25.8,26.4,6.2,83.0
Damascus,Syria,2799960,33.5130695,36.3095814,9.9,5.4,82.0,9.4,12.0,8.6,38.0
Accra,Ghana,2788380,5.5571096,-0.2012376,26.8,2.3,288.0,10.9,16.9,6.6,61.0
Taipei,Taiwan,2779200,25.0375198,121.5636796,21.0,5.9,79.0,26.3,31.3,27.6,75.0
Bandung,Indonesia,2758100,-6.9218457,107.6070833,27.0,11.4,325.0,33.4,34.7,3.5,181.0
Luoyang,China,2725560,34.6196539,112.4477046,-0.3,4.8,27.0,29.0,30.2,29.2,42.0
Toluca de Lerdo,Mexico,2719520,19.292545,-99.6569007,7.8,6.3,211.0,31.9,32.0,35.8,38.0
Chicago,United States,2715336,41.8755616,-87.6244212,-8.6,8.6,338.0,23.6,23.9,53.3,24.0
Vancouver,Canada,2707920,49.2608724,-123.113952,7.2,2.5,90.0,17.2,19.1,63.3,9.0
Birmingham,United Kingdom,2704620,52.4796992,-1.9026911,9.4,12.6,149.0,6.0,8.0,13.7,37.0
Patna,India,2689540,25.6093239,85.1235252,23.7,3.7,101.0,115.3,125.3,0.5,221.0
Bhopal,India,2686290,23.2584857,77.401989,25.9,5.0,30.0,8.8,8.8,0.3,133.0
Tashkent,Uzbekistan,2665080,41.3123363,69.2787079,9.4,14.5,325.0,16.2,18.3,25.9,33.0
Sapporo,Japan,2653580,43.061936,141.3542924,-10.4,14.3,298.0,4.5,6.5,2.5,72.0
Tangerang,Indonesia,2626610,-6.1761924,106.6382161,31.5,9.8,264.0,32.7,33.5,17.8,130.0
Nantong,China,2613750,31.9827896,120.8904588,9.9,17.7,63.0,9.1,11.7,12.1,73.0
Brisbane,Australia,2568170,-27.4689623,153.0235009,25.1,11.2,86.0,5.9,8.6,4.2,47.0
Peshawar,Pakistan,2548930,34.0123846,71.5787458,19.5,3.8,107.0,26.7,27.7,12.9,133.0
Tunis,Tunisia,2545030,36.8002068,10.1857757,9.5,2.5,225.0,19.4,27.9,23.4,23.0
Gujranwala,Pakistan,2543540,32.1525312,74.1933745,21.5,4.3,265.0,57.0,57.9,5.1,187.0
Medan,Indonesia,2521590,3.5894617,98.6741623,28.4,10.2,10.0,16.9,18.1,2.4,128.0
Hohhot,China,2500940,40.8184528,111.6601939,-2.7,13.0,354.0,22.3,25.1,29.2,28.0
Baku,Azerbaijan,2496500,40.3755885,49.8328009,9.6,5.2,16.0,4.0,4.6,3.9,64.0
Rawalpindi,Pakistan,2486560,33.5915446,73.053721,18.9,11.5,290.0,25.0,27.7,20.7,136.0
Agra,India,2478340,27.1752554,78.0098161,22.8,3.4,328.0,51.8,52.2,6.3,213.0
Kannur,India,2465140,11.8763836,75.3737973,32.9,6.2,187.0,30.2,31.9,1.2,156.0
Belem,Brazil,2453800,-1.45056,-48.4682453,25.0,4.7,81.0,4.4,5.3,4.8,16.0
Liuzhou,China,2447620,24.3284746,109.4239676,18.9,4.8,77.0,95.5,95.9,38.8,52.0
Visakhapatnam,India,2440420,17.6935526,83.2921297,28.6,8.4,70.0,42.5,44.9,13.5,173.0
Aleppo,Syria,2438480,36.19924,37.1637253,11.5,10.8,360.0,12.2,15.2,2.8,53.0
Manaus,Brazil,2434640,-3.1316333,-59.9825041,28.6,2.5,90.0,4.9,5.3,3.1,18.0
Maracaibo,Venezuela,2432440,10.6498095,-71.6443596,25.2,7.4,14.0,4.1,4.9,2.0,39.0
Phnom Penh,Cambodia,2425800,11.568271,104.9224426,32.1,4.4,99.0,9.7,10.4,0.2,98.0
Baotou,China,2425700,40.6174777,109.944912,-5.4,25.6,309.0,11.6,16.4,4.6,61.0
Vadodara,India,2424920,22.2973142,73.1942567,30.7,10.4,70.0,20.3,20.5,2.2,156.0
Houston,United States,2412920,29.7589382,-95.3676974,12.4,6.5,84.0,17.6,21.4,33.6,40.0
Barranquilla,Colombia,2396400,10.9938599,-74.7926118,27.5,30.1,50.0,7.0,8.3,3.2,45.0
Beirut,Lebanon,2379330,33.8959203,35.47843,15.9,5.1,266.0,9.2,12.0,10.1,63.0
Xuzhou,China,2376040,34.2665258,117.1810431,3.3,16.8,43.0,29.7,31.0,36.2,19.0
Taoyuan,Taiwan,2356610,24.9929995,121.3010003,20.8,33.3,45.0,20.4,23.3,34.1,61.0
Nashik,India,2351140,20.0112475,73.7902364,27.2,13.0,114.0,13.2,13.4,2.0,153.0
Vijayawada,India,2350700,16.5115306,80.6160469,29.2,3.5,24.0,42.8,44.5,1.3,192.0
Sendai,Japan,2337590,38.2677554,140.8691498,0.3,12.0,311.0,6.0,9.3,2.6,72.0
Tijuana,Mexico,2333220,32.5317397,-117.019529,12.8,8.3,355.0,32.4,35.9,60.3,16.0
Esfahan,Iran,2327990,32.6707877,51.6650002,7.7,3.4,302.0,9.0,9.6,48.3,31.0
Putian,China,2315020,25.4557366,119.0029034,16.9,10.6,18.0,24.2,26.0,10.7,90.0
Amman,Jordan,2273240,31.9515694,35.9239625,11.6,13.8,263.0,9.4,13.9,8.0,52.0
Multan,Pakistan,2258380,30.197838,71.4719683,22.9,0.8,27.0,101.5,103.1,5.8,188.0
Wuhu Anhui,China,2257210,31.3536127,118.4277477,12.9,19.5,87.0,22.0,23.9,32.4,53.0
Kollam,India,2252170,8.8870533,76.5906696,28.4,10.9,304.0,45.3,47.5,1.6,180.0
Conakry,Guinea,2251590,9.5170602,-13.6998434,27.4,7.2,273.0,42.6,89.4,1.9,90.0
Grande Vitoria,Brazil,2220560,-3.1559361,-59.2794889,26.2,1.1,72.0,3.9,4.2,1.0,22.0
Mecca,Saudi Arabia,2218580,21.420847,39.826869,25.4,10.7,346.0,19.3,67.5,5.1,96.0
Yangzhou,China,2216800,32.3968554,119.4077658,10.4,17.7,77.0,10.7,12.7,12.8,66.0
Taizhou Zhejiang,China,2198540,28.6581723,121.4163876,14.9,14.7,36.0,8.8,12.1,3.3,93.0
Baoding,China,2190060,38.8579735,115.490696,-1.1,6.9,171.0,25.0,27.1,25.2,40.0
Naples,Italy,2182170,40.8358846,14.2487679,9.1,5.1,4.0,58.6,60.8,47.0,4.0
Daegu,South Korea,2181080,35.8713,128.6018,5.1,9.4,88.0,4.7,6.4,24.5,52.0
Perth,Australia,2169190,-31.9558967,115.8605784,28.0,19.7,201.0,5.6,5.8,1.0,70.0
Havana,Cuba,2156350,23.135305,-82.3589631,23.4,11.6,60.0,6.6,9.1,2.8,82.0
Rajkot,India,2150330,22.3053263,70.8028377,30.5,7.9,66.0,7.7,7.7,0.9,146.0
Bursa,Turkey,2142600,40.1825734,29.0675039,8.8,3.2,27.0,21.4,26.2,26.4,29.0
Brussels,Belgium,2141520,50.8465573,4.351697,10.2,14.8,188.0,16.7,20.9,29.6,17.0
Lome,Togo,2108740,6.130419,1.215829,27.1,4.1,255.0,8.1,15.0,1.8,63.0
Haikou,China,2095420,20.0462328,110.1956502,25.2,17.9,71.0,16.5,18.9,3.5,110.0
Daqing,China,2085470,46.5969028,125.1014811,-10.8,9.1,198.0,9.2,9.5,10.7,48.0
Lianyungang,China,2080810,34.5933134,119.2171662,6.3,14.0,55.0,10.6,12.7,6.2,72.0
Yancheng Jiangsu,China,2073240,33.4015327,120.1169222,8.4,16.7,76.0,7.2,9.6,4.7,76.0
Minsk,Belarus,2070930,53.9024716,27.5618225,7.3,14.4,288.0,4.6,5.5,8.6,38.0
Hyderabad,Pakistan,2058730,25.4075358,68.3613456,26.0,4.7,184.0,15.0,29.3,8.5,108.0
Hiroshima,Japan,2058190,34.3917241,132.4517589,6.4,9.0,29.0,2.9,3.6,5.0,71.0
Panama City,Panama,2054540,8.9714493,-79.5341802,24.5,11.2,310.0,5.3,7.0,5.6,55.0
Semarang,Indonesia,2052410,-6.9903988,110.4229104,29.4,10.3,331.0,15.1,16.4,2.3,135.0
Benin City,Nigeria,2044650,6.3330586,5.6221058,27.1,4.7,171.0,22.8,34.6,12.0,66.0
Almaty,Kazakhstan,2042040,43.2363924,76.9457275,3.0,5.0,30.0,42.4,46.8,28.7,87.0
Davao City,Philippines,2033990,7.0648306,125.6080623,31.0,5.2,74.0,5.0,6.2,2.6,64.0
Valencia,Venezuela,2030790,10.170026,-68.0003987,21.4,5.2,348.0,17.6,18.0,16.1,17.0
Ludhiana,India,2028680,30.9090157,75.851601,22.7,5.3,298.0,62.2,64.0,3.3,191.0
Rabat,Morocco,2020970,34.0218454,-6.8408929,9.6,5.4,127.0,8.5,10.5,10.0,39.0
Quito,Ecuador,2017260,-0.2201641,-78.5123274,10.9,1.3,124.0,9.9,10.0,11.1,22.0
Can Tho,Vietnam,2007500,10.0362046,105.7872656,31.8,12.6,92.0,11.6,13.2,2.4,100.0
Vienna,Austria,2005500,48.2083537,16.3725042,3.2,1.3,304.0,25.5,28.4,34.1,8.0
La Paz,Bolivia,1997370,-16.4955455,-68.1336229,2.8,8.9,14.0,2.8,2.8,8.5,22.0
Matola,Mozambique,1984660,-25.966917,32.466956,29.0,18.8,348.0,4.3,5.6,0.3,51.0
Zhuhai,China,1968620,22.273734,113.5721327,22.5,16.9,101.0,38.0,39.0,40.5,110.0
Quanzhou,China,1966630,24.8755492,118.6723605,19.5,19.1,46.0,25.6,28.3,10.6,93.0
Datong,China,1951440,40.0919817,113.2951122,-3.8,8.7,128.0,16.6,17.3,19.6,49.0
Raipur,India,1923440,21.2380912,81.6336993,26.2,0.8,27.0,32.9,33.5,23.7,130.0
Madurai,India,1911650,9.9261153,78.1140983,30.0,11.1,54.0,33.3,35.7,1.7,133.0
Sharjah,United Arab Emirates,1909930,25.3461498,55.4210633,27.1,9.8,204.0,22.8,62.2,18.9,89.0
Mosul,Iraq,1904140,36.3436941,43.0997156,11.4,15.8,90.0,14.6,22.5,14.7,51.0
Santa Cruz,Bolivia,1891230,-16.5284384,-64.3010213,23.5,12.0,311.0,4.5,4.5,0.5,17.0
Palembang,Indonesia,1887700,-2.9888243,104.7568507,29.4,4.3,360.0,10.2,10.3,2.1,84.0
Cixi,China,1885950,30.1730437,121.2623259,12.1,13.4,63.0,12.0,15.3,9.3,86.0
Adana,Turkey,1876820,36.9863599,35.3252861,14.3,4.0,360.0,9.2,11.4,13.5,39.0
Meerut,India,1874890,28.9963296,77.7061915,22.8,5.8,266.0,91.0,93.1,8.9,246.0
La Laguna,Mexico,1866580,20.443863,-97.4450587,20.1,1.1,180.0,18.3,21.1,17.9,36.0
Batam,Indonesia,1858910,1.1030815,104.0383696,28.3,4.4,261.0,17.8,18.3,33.0,108.0
Gaziantep,Turkey,1858710,37.0628317,37.3792617,8.3,12.6,24.0,10.6,12.7,8.6,52.0
Jiangmen,China,1826520,22.5816619,113.0761073,23.1,11.3,117.0,36.2,36.9,35.0,107.0
Varanasi,India,1826010,25.3356491,83.0076292,23.4,4.4,305.0,86.4,88.9,1.7,196.0
Kananga,DR Congo,1815750,-5.8951725,22.408589,25.4,3.5,66.0,13.4,13.6,1.0,56.0
Turin,Italy,1809850,45.0677551,7.6824892,2.6,4.8,193.0,56.4,65.8,54.4,4.0
Xiangyang,China,1801750,32.010998,112.1163785,0.9,17.0,347.0,12.4,12.6,28.2,26.0
Yichang,China,1800420,30.6941332,111.2803512,8.1,6.9,137.0,27.0,27.2,23.0,33.0
Warsaw,Poland,1800230,52.2319581,21.0067249,7.7,14.8,264.0,13.7,18.2,16.6,37.0
Yinchuan,China,1795680,38.4852037,106.2261926,-2.2,18.9,312.0,11.5,25.4,15.3,50.0
Monrovia,Liberia,1794650,6.328034,-10.797788,26.8,2.3,18.0,17.5,19.9,5.2,48.0
Montevideo,Uruguay,1788170,-34.9058916,-56.1913095,20.6,13.0,316.0,7.7,8.1,7.6,42.0
Hamburg,Germany,1787710,53.550341,10.000654,3.5,5.9,194.0,23.1,27.9,36.7,4.0
Lyon,France,1787230,45.7578137,4.8320114,6.4,1.8,169.0,11.9,17.9,29.9,33.0
Tiruppur,India,1783690,11.1017815,77.345192,28.5,11.6,68.0,29.4,31.2,1.2,155.0
Budapest,Hungary,1782240,47.4978789,19.0402383,5.3,2.2,270.0,26.3,27.8,31.5,17.0
Suqian,China,1779600,33.9644701,118.2696994,5.1,19.1,46.0,10.9,12.7,7.7,66.0
Srinagar,India,1777610,34.0747444,74.8204443,12.3,3.0,76.0,14.5,16.6,1.5,123.0
Jamshedpur,India,1767760,22.8015194,86.2029579,24.6,4.5,331.0,90.6,95.7,22.8,175.0
Aurangabad,India,1767330,19.877263,75.3390241,27.7,4.8,103.0,11.5,11.8,0.8,142.0
Onitsha,Nigeria,1767110,6.1461619,6.8019088,26.5,6.8,212.0,32.4,45.5,4.3,64.0
Shiraz,Iran,1763900,29.6060218,52.5378041,13.5,6.8,198.0,23.2,87.8,14.7,80.0
Qinhuangdao,China,1762820,39.9395724,119.5894129,-2.8,4.0,243.0,8.7,9.4,19.2,51.0
Bucharest,Romania,1758700,44.4361414,26.102684,5.1,2.6,254.0,62.5,64.8,48.4,6.0
Xining,China,1740860,36.617331,101.7761976,0.7,50.4,272.0,4.0,6.1,1.6,100.0
Hengyang,China,1739050,26.8971308,112.5666191,15.9,8.3,360.0,104.8,105.0,36.2,53.0
Anyang,China,1738620,36.1023552,114.33633,-1.2,13.9,17.0,23.0,24.7,28.0,34.0
Anshan,China,1738430,41.1075962,122.9902291,-7.2,6.3,31.0,49.2,50.5,57.6,7.0
Stockholm,Sweden,1737760,59.3251172,18.0710935,3.0,9.7,18.0,2.8,5.7,14.2,33.0
Makassar,Indonesia,1737390,-5.1342962,119.4124282,28.1,15.3,330.0,7.1,7.7,4.9,62.0
Ulaanbaatar,Mongolia,1724890,47.9184676,106.9177016,-21.5,3.3,167.0,37.5,39.5,18.6,58.0
N-Djamena,Chad,1722780,12.1191543,15.0502758,24.1,14.4,58.0,72.6,272.9,1.3,42.0
Jilin,China,1719310,43.8349669,126.5438702,-10.9,7.8,214.0,14.9,15.8,21.2,42.0
Glasgow,United Kingdom,1718940,55.861155,-4.2501687,6.8,7.2,184.0,4.2,9.1,23.9,39.0
Auckland,New Zealand,1711130,-36.852095,174.7631803,19.8,17.0,185.0,4.7,5.9,2.6,48.0
Novosibirsk,Russia,1706660,55.0288307,82.9226887,-12.8,11.4,169.0,6.1,7.5,5.2,77.0
Muscat,Oman,1702510,23.6123628,58.5938134,26.0,7.9,357.0,9.9,14.1,11.4,115.0
Tabriz,Iran,1695670,38.0738612,46.2978789,5.7,3.1,54.0,16.9,31.2,24.8,69.0
Phoenix,United States,1688306,33.4484367,-112.074141,13.4,7.8,112.0,26.7,30.5,45.9,3.0
Calgary,Canada,1687900,51.0456064,-114.057541,-20.2,7.2,143.0,10.2,10.8,21.8,46.0
Kathmandu,Nepal,1672900,27.708317,85.3205817,21.2,12.6,290.0,13.7,14.6,0.0,141.0
Jodhpur,India,1664420,26.2967719,73.0351433,28.4,3.1,201.0,8.5,8.5,1.3,143.0
Tegucigalpa,Honduras,1650280,14.1058135,-87.2047053,18.6,7.2,18.0,2.5,2.6,4.0,38.0
Marseille,France,1644610,43.2961743,5.3699525,12.9,9.1,83.0,7.7,12.7,13.6,48.0
Cordoba,Argentina,1640600,-31.4166867,-64.1834193,17.3,6.6,283.0,14.6,14.8,16.5,34.0
Harare,Zimbabwe,1633020,-17.831773,31.045686,22.4,12.5,49.0,4.0,4.9,0.3,71.0
Rosario,Argentina,1631090,-32.9593609,-60.6617024,18.8,9.0,293.0,9.8,10.0,7.5,51.0
Ciudad Juarez,Mexico,1625980,31.7372575,-106.485655,11.5,15.8,291.0,22.3,23.6,29.1,29.0
Medina,Saudi Arabia,1624660,24.471153,39.6111216,17.2,1.3,304.0,8.5,17.6,12.3,73.0
Ranchi,India,1621720,23.3700501,85.3250387,21.1,9.7,333.0,57.3,59.5,1.7,197.0
Abu Dhabi,United Arab Emirates,1618740,24.4538352,54.3774014,27.6,10.1,180.0,25.1,56.1,13.8,76.0
Karaj,Iran,1614660,35.8224892,50.9904681,7.9,12.4,296.0,5.7,6.9,15.1,67.0
Nouakchott,Mauritania,1612940,18.0792379,-15.9780071,18.9,26.7,43.0,46.2,335.3,0.7,44.0
Kota,India,1599350,25.1737019,75.8574194,26.4,7.9,357.0,12.9,12.9,2.8,140.0
Zhangjiakou,China,1598460,40.8171433,114.8782861,-5.3,5.4,172.0,17.6,18.7,37.3,24.0
Mandalay,Myanmar,1594300,21.9596834,96.0948743,28.1,10.3,331.0,10.1,10.2,0.7,95.0
Munich,Germany,1590890,48.1371079,11.5753822,3.5,5.2,155.0,22.9,30.8,42.2,5.0
Edmonton,Canada,1588600,53.5462055,-113.491241,-29.6,2.9,240.0,10.7,11.0,23.3,42.0
Daejon,South Korea,1586180,36.3497007,127.3849016,5.7,9.4,94.0,7.3,8.1,52.5,17.0
Jabalpur,India,1582200,23.1701522,79.9324505,25.1,5.8,330.0,10.6,10.8,0.6,138.0
Natal,Brazil,1575050,-5.805398,-35.2080905,24.4,5.6,130.0,13.8,17.2,4.4,34.0
Philadelphia,United States,1567198,39.9527237,-75.1635262,-1.1,12.1,247.0,3.3,3.4,7.8,64.0
Gaoxiong,Taiwan,1565860,22.6203348,120.3120375,23.8,15.4,327.0,24.1,25.0,60.3,43.0
Asansol,India,1565300,23.6871297,86.9746587,25.0,4.5,346.0,91.3,99.9,12.0,174.0
Huainan,China,1564320,32.5866826,117.0130019,9.9,15.3,66.0,16.5,17.8,15.6,66.0
Yiwu,China,1563820,29.3093002,120.0703805,16.3,11.4,62.0,18.9,20.7,17.2,86.0
Homs,Syria,1563600,34.7333334,36.7166667,10.9,7.2,357.0,8.3,14.5,4.5,46.0
Niamey,Niger,1561490,13.5168302,2.115621,22.9,4.2,110.0,34.9,127.6,2.1,58.0
Mombasa,Kenya,1553460,-4.05052,39.667169,31.6,5.4,82.0,11.2,14.2,1.6,96.0
Ganzhou,China,1550560,25.8332103,114.9287362,16.4,1.8,37.0,46.7,46.8,9.7,105.0
San Antonio,United States,1548485,29.4246002,-98.4951405,9.4,7.6,270.0,10.8,11.2,15.5,49.0
Kisangani,DR Congo,1546690,0.5184021,25.2057292,27.1,10.3,155.0,13.8,14.0,0.3,30.0
Chaozhou,China,1545080,23.656593,116.6204223,22.3,14.8,90.0,25.3,26.4,7.1,117.0
Gwalior,India,1543500,26.2037247,78.1573628,25.8,5.0,339.0,8.8,8.8,1.4,137.0
Yekaterinburg,Russia,1537000,56.8382071,60.6007886,-3.4,7.0,215.0,3.9,4.5,8.0,64.0
Gwangju,South Korea,1536730,35.1594647,126.8515034,9.2,5.1,172.0,8.1,8.4,46.3,21.0
Basra,Iraq,1524650,30.4952371,47.8090981,14.5,2.3,309.0,36.0,48.5,12.3,69.0
Allahabad,India,1523670,25.4381302,81.8338005,23.4,4.6,321.0,82.0,84.1,2.5,208.0
Jiaxing,China,1511450,30.7474425,120.7510971,12.6,15.5,77.0,27.2,30.3,53.3,36.0
Amritsar,India,1511110,31.6356659,74.8787496,21.5,3.0,256.0,75.4,76.6,3.9,210.0
Taizhou Jiangsu,China,1506700,32.4579729,119.9181174,10.2,19.1,78.0,9.4,11.5,9.3,71.0
Hai Phong,Vietnam,1503910,20.8623278,106.6799266,23.0,7.4,104.0,33.5,35.3,10.2,116.0
San Jose,Costa Rica,1502640,9.9327707,-84.0796144,18.2,10.0,75.0,5.5,6.8,7.4,35.0
Weihai,China,1499360,37.5120997,122.1152599,3.0,19.2,23.0,5.6,8.1,5.6,73.0
Chon Buri,Thailand,1491180,13.3662087,100.9872185,28.1,5.8,30.0,22.6,22.9,9.7,201.0
Liuyang,China,1476370,28.166416,113.6375778,15.2,0.7,90.0,59.5,59.8,13.9,74.0
Liuan,China,1471240,29.6020653,102.4520682,6.2,9.2,69.0,13.9,13.9,3.2,101.0
Kaifeng,China,1467460,34.7990966,114.3054796,-0.8,18.2,25.0,24.6,26.4,22.2,38.0
Ottawa,Canada,1465780,45.4208777,-75.6901106,-12.6,15.0,259.0,1.2,1.6,1.6,78.0
Cochabamba,Bolivia,1460280,-17.4012458,-66.1675681,14.2,3.7,299.0,2.8,2.9,5.5,21.0
Queretaro,Mexico,1459290,20.5922997,-100.3917424,12.9,3.8,73.0,19.9,20.0,36.0,13.0
Rizhao,China,1458890,35.4178833,119.5213994,2.1,15.7,16.0,11.8,13.4,12.4,59.0
Uyo,Nigeria,1457020,5.0322447,7.924791,27.6,4.3,156.0,26.0,43.1,4.6,61.0
Zurich,Switzerland,1455100,47.3744489,8.5410422,5.8,2.8,140.0,22.5,27.3,40.0,2.0
Konya,Turkey,1450150,37.872734,32.4924376,4.3,0.4,90.0,12.7,13.9,18.6,36.0
Joao Pessoa,Brazil,1447780,-7.1215981,-34.882028,24.1,0.4,360.0,9.1,13.9,0.9,45.0
Mwanza,Tanzania,1447340,-2.5196915,32.9014417,22.4,8.2,209.0,6.8,7.0,0.6,81.0
Nanchong,China,1444820,30.7923133,106.0825482,10.8,22.0,2.0,28.8,31.0,8.5,67.0
Dhanbad,India,1441800,23.7952809,86.4309638,24.4,4.8,333.0,92.0,99.0,16.9,171.0
Dongying,China,1440090,37.4334738,118.6689349,1.1,8.4,59.0,10.4,12.7,12.8,60.0
Zunyi,China,1434030,27.6912954,106.9155974,14.9,8.7,343.0,26.7,26.7,14.0,62.0
Zhanjiang,China,1425480,21.2737079,110.3548318,23.1,21.0,106.0,18.2,22.9,4.4,124.0
Pointe-Noire,Republic of the Congo,1423630,-4.7975373,11.8503297,26.9,7.9,156.0,15.0,17.6,4.4,58.0
Shiyan,China,1418040,32.6314877,110.792752,2.8,2.5,188.0,6.1,6.2,19.3,29.0
Kharkiv,Ukraine,1415820,49.9923181,36.2310146,6.1,7.4,299.0,11.6,12.5,12.7,23.0
Bareilly,India,1413250,28.355099,79.417851,22.4,4.1,142.0,86.4,87.8,1.5,210.0
Belgrade,Serbia,1412950,44.8178131,20.4568974,4.9,4.0,254.0,53.3,55.3,30.4,10.0
Bucaramanga,Colombia,1411010,7.1274586,-73.1191299,23.0,2.9,120.0,13.4,13.4,23.1,44.0
San Diego,United States,1409359,32.7174202,-117.162772,13.4,3.2,117.0,39.8,40.7,82.3,0.0
Copenhagen,Denmark,1400740,55.6867243,12.5700724,8.9,9.7,290.0,8.9,15.0,23.2,25.0
Tengzhou,China,1394750,35.1139509,117.1600052,1.7,18.3,22.0,28.2,29.0,26.9,32.0
Antalya,Turkey,1394590,36.8865728,30.7030242,15.5,9.8,24.0,6.7,9.1,6.5,50.0
Samut Prakan,Thailand,1393410,13.5949486,100.5966707,29.2,5.2,12.0,36.2,36.4,11.5,261.0
Taizhong,Taiwan,1393190,24.163162,120.6478282,23.1,22.5,6.0,18.9,20.0,43.5,59.0
Lilongwe,Malawi,1393010,-13.9875107,33.768144,24.3,9.4,67.0,3.3,3.4,0.6,50.0
Adelaide,Australia,1392940,-34.9281805,138.5999312,33.2,11.7,189.0,3.3,3.7,3.3,101.0
Qom,Iran,1392280,34.6422939,50.8801184,12.1,8.6,303.0,4.5,6.1,13.9,61.0
Maceio,Brazil,1387920,-9.6476843,-35.7339264,23.8,4.8,27.0,12.5,16.2,3.0,43.0
Freetown,Sierra Leone,1387360,8.479004,-13.26795,27.0,2.5,278.0,21.3,42.4,2.5,65.0
Yingkou,China,1385370,40.6747155,122.2357736,-5.8,13.7,35.0,129.5,130.9,63.2,0.0
Tanger,Morocco,1381230,35.7625681,-5.8295062,10.1,3.1,144.0,9.8,16.3,14.7,31.0
Aligarh,India,1379560,27.8815412,78.0690216,22.5,4.7,293.0,75.9,77.5,5.9,207.0
Ad-Dammam,Saudi Arabia,1375600,26.4367824,50.1039991,24.0,12.8,310.0,36.7,82.9,23.8,74.0
Abomey-Calavi,Benin,1375220,6.4538637,2.354245,28.0,4.1,218.0,10.4,22.7,3.1,74.0
Joinville,Brazil,1374630,-26.3044898,-48.8486726,20.5,6.0,303.0,13.5,14.4,10.7,16.0
Moradabad,India,1369880,28.8334982,78.7732864,22.2,2.5,188.0,96.4,97.3,3.7,225.0
Bukavu,DR Congo,1369430,-2.5055839,28.8594885,17.5,4.4,279.0,7.6,7.7,0.4,76.0
Pekan Baru,Indonesia,1364640,0.5262455,101.4515727,29.8,4.5,346.0,14.2,14.6,2.0,71.0
Maoming,China,1361880,21.6656961,110.9209511,24.4,17.8,126.0,18.6,19.8,4.1,130.0
Nnewi,Nigeria,1361840,6.019531,6.917181,27.5,7.0,201.0,32.4,45.5,4.3,64.0
Jieyang,China,1354930,23.553156,116.3680354,22.6,15.5,93.0,30.0,31.1,9.3,119.0
Helsinki,Finland,1354890,60.1666204,24.9435408,-0.7,22.3,22.0,1.7,2.7,6.4,58.0
Astana,Kazakhstan,1352560,51.1282205,71.4306682,-4.6,16.1,170.0,8.4,9.6,7.5,80.0
Bujumbura,Burundi,1350150,-3.3638125,29.3675028,26.5,2.5,278.0,14.9,15.0,0.7,86.0
Mysore,India,1345720,12.3051828,76.6553609,27.5,16.7,71.0,28.0,29.6,1.5,158.0
Ruian,China,1344890,27.7809047,120.6512652,16.5,11.0,71.0,12.3,15.8,6.2,99.0
Fes,Morocco,1336960,34.0346534,-5.0161926,6.5,1.0,45.0,9.5,12.0,18.0,17.0
Porto,Portugal,1334200,41.1502195,-8.6103497,11.3,8.8,161.0,6.6,9.9,20.4,56.0
Prague,Czechia,1331940,50.0874654,14.4212535,0.8,5.4,200.0,15.9,19.0,31.8,23.0
Dallas,United States,1331752,32.7762719,-96.7968559,8.5,8.4,110.0,6.0,6.2,15.9,45.0
Port Elizabeth,South Africa,1330500,-33.9618598,25.6186731,21.8,9.2,219.0,6.8,9.1,3.1,67.0
Jinhua,China,1329990,29.1080344,119.6486487,16.1,13.7,76.0,21.2,22.9,11.9,94.0
Kigali,Rwanda,1329830,-1.950851,30.061507,20.8,1.5,135.0,14.6,15.0,0.8,92.0
Ahvaz,Iran,1324800,31.2462916,48.7597528,15.6,4.7,351.0,26.8,41.8,14.0,72.0
Florianopolis,Brazil,1323850,-27.5973002,-48.5496098,17.2,5.4,274.0,8.6,10.3,6.0,57.0
Bhubaneswar,India,1320910,20.2602964,85.8394521,27.4,5.5,11.0,57.9,61.7,0.6,200.0
Baoji,China,1317340,34.3609713,107.2322378,7.1,5.8,22.0,7.5,10.7,4.4,78.0
San Luis Potosi,Mexico,1310720,22.1516472,-100.9763993,11.6,6.6,225.0,11.2,11.3,23.4,34.0
Liupanshui,China,1309840,26.5963778,104.8279652,17.8,7.6,172.0,23.2,23.3,6.4,127.0
Puning,China,1309420,23.3000453,116.160937,22.7,15.6,82.0,31.2,32.1,8.2,129.0
Chifeng,China,1305090,42.2811677,118.9426564,-6.3,5.0,111.0,18.2,18.9,26.7,30.0
Islamabad,Pakistan,1301130,33.6938118,73.0651511,21.6,7.3,290.0,25.0,27.7,20.7,136.0
Kazan,Russia,1299580,55.7946485,49.1115022,-0.4,9.8,204.0,2.1,2.1,5.4,43.0
Zhuzhou,China,1299480,27.830618,113.1283685,13.6,18.5,339.0,99.9,100.1,51.6,34.0
Zhenjiang Jiangsu,China,1299130,32.1272072,119.4796218,10.5,17.7,77.0,13.3,15.6,21.0,59.0
Dublin,Ireland,1299110,53.3493795,-6.2605593,7.7,7.6,161.0,4.7,10.3,25.0,49.0
Tasikmalaya,Indonesia,1297900,-7.3262484,108.2201154,28.2,12.8,191.0,10.0,11.8,0.6,60.0
Huaibei,China,1291440,33.9566098,116.7928916,3.5,19.2,38.0,32.8,33.9,34.3,22.0
Xiongan,China,1288560,39.0480479,115.9075331,-1.1,3.1,144.0,28.9,31.2,34.6,29.0
Sofia,Bulgaria,1286460,42.6977028,23.3217359,6.4,11.9,268.0,25.7,30.0,13.1,51.0
Da Nang,Vietnam,1286000,16.068,108.212,23.3,6.6,99.0,19.2,25.9,3.7,117.0
Pizhou,China,1282270,34.3402702,118.0068173,3.6,18.4,51.0,20.4,22.2,20.4,37.0
Barquisimeto,Venezuela,1281730,10.0774374,-69.3222293,22.6,7.6,65.0,9.6,10.0,8.0,38.0
Bogor,Indonesia,1281010,-6.5962986,106.7972421,29.1,2.9,120.0,24.9,26.1,10.6,126.0
Luohe,China,1278770,33.571189,114.0289356,-0.2,18.8,5.0,28.9,30.5,33.2,26.0
Aba,Nigeria,1274780,5.1128008,7.3651376,28.1,5.5,169.0,29.3,47.7,7.4,61.0
Maracay,Venezuela,1270320,10.2375144,-67.5890216,25.4,5.0,21.0,11.1,11.9,14.0,17.0
Tiruchirappalli,India,1269900,10.8071144,78.6880939,28.5,10.6,35.0,37.5,40.2,2.5,140.0
Bazhong,China,1268080,31.8689322,106.7416618,13.6,17.9,34.0,16.3,16.5,10.1,84.0
Chandigarh,India,1266010,30.7334421,76.7797143,21.5,4.0,185.0,44.4,45.5,4.5,206.0
Binzhou,China,1263650,37.3821206,117.9647262,0.5,8.2,67.0,16.2,18.7,17.7,48.0
Jinzhou,China,1260660,41.1087113,121.1186159,-6.6,2.3,108.0,13.1,14.1,24.7,36.0
Kaduna,Nigeria,1259940,10.5182899,7.4359863,25.1,14.4,77.0,87.3,402.3,2.6,74.0
Merida,Mexico,1258230,20.9670759,-89.6237402,19.9,6.7,74.0,6.5,8.6,3.7,65.0
Benxi,China,1258120,41.2921601,123.7593948,-7.3,2.1,329.0,26.8,27.8,52.7,16.0
Mendoza,Argentina,1257180,-32.8894155,-68.8446177,17.0,7.9,270.0,6.0,6.2,11.7,44.0
Quetta,Pakistan,1253110,30.1957677,67.0172447,20.9,2.6,196.0,5.2,10.4,2.1,101.0
Nizhniy Novgorod,Russia,1249760,56.3264816,44.0051395,0.9,9.8,246.0,11.9,13.7,25.4,16.0
Chelyabinsk,Russia,1246210,55.1598408,61.4025547,-7.8,7.5,197.0,16.7,17.9,16.3,44.0
Chiang Mai,Thailand,1244190,18.7882778,98.9858802,27.5,5.2,115.0,14.5,14.6,0.0,151.0
Bobo-Dioulasso,Burkina Faso,1243530,11.1765796,-4.2961436,23.9,3.1,159.0,35.0,114.1,2.7,66.0
Saharanpur,India,1242490,29.9637438,77.5427464,21.1,3.6,174.0,78.2,78.7,2.6,224.0
Guilin,China,1238950,25.2779894,110.2910622,17.1,1.6,27.0,37.1,37.3,15.7,85.0
Hubli-Dharwad,India,1231020,15.4602077,75.0083448,27.8,13.6,79.0,23.2,24.3,1.0,170.0
Maputo,Mozambique,1230070,-25.966213,32.56745,29.5,18.9,347.0,4.3,5.6,0.3,51.0
Yueqing,China,1229960,28.1178498,120.9795761,15.3,8.3,72.0,13.6,16.1,11.9,89.0
Hargeysa,Somalia,1227620,9.561733,44.061803,23.1,20.3,7.0,6.3,8.0,0.1,83.0
Guwahati,India,1224170,26.1805978,91.753943,25.1,10.0,49.0,6.2,6.6,0.3,131.0
Salem,India,1220710,11.6551982,78.1581771,29.7,3.4,72.0,40.0,42.7,2.2,157.0
Mexicali,Mexico,1215000,32.6245314,-115.452604,13.8,8.7,38.0,18.0,19.1,50.8,4.0
Bandar Lampung,Indonesia,1210200,-5.4460713,105.2643742,29.9,6.7,216.0,6.8,8.6,0.5,59.0
Shimkent,Kazakhstan,1203890,42.3146962,69.5883282,9.5,1.5,256.0,42.6,50.5,26.1,35.0
Tripoli,Libya,1203390,32.896672,13.1777923,15.4,3.9,146.0,10.6,12.4,17.7,46.0
Haifa,Israel,1199980,32.8191218,34.9983856,17.2,1.3,124.0,10.7,16.6,12.2,55.0
Ikorodu,Nigeria,1196820,6.6191233,3.5041271,28.4,1.8,191.0,21.2,32.1,6.4,81.0
Aguascalientes,Mexico,1196770,21.880487,-102.2967195,10.9,6.0,327.0,18.6,18.7,33.0,20.0
Siliguri,India,1191400,26.7164127,88.4309916,21.9,8.2,151.0,6.8,9.1,0.0,126.0
Amsterdam,Netherlands,1189200,52.3730796,4.8924534,8.1,13.7,153.0,15.9,19.5,38.3,8.0
Tshikapa,DR Congo,1185920,-6.4230495,20.7887691,27.0,1.8,37.0,14.4,14.5,1.0,57.0
Wenling,China,1184900,28.3761941,121.3808408,15.2,15.4,33.0,10.9,13.7,6.8,90.0
Omsk,Russia,1180820,54.991375,73.371529,-9.6,8.5,168.0,11.4,14.4,8.5,61.0
Xinxiang,China,1180750,35.3021133,113.9202062,-0.4,12.6,53.0,25.2,27.1,28.7,34.0
Krasnoyarsk,Russia,1177840,56.0091173,92.872586,-7.0,14.6,230.0,2.5,3.2,4.4,80.0
Bien Hoa,Vietnam,1174750,10.9507829,106.8221169,32.0,4.2,59.0,12.8,15.0,9.0,108.0
Fuyang,China,1170240,32.8926763,115.8090001,5.2,18.2,9.0,23.6,24.5,15.8,56.0
Zaozhuang,China,1168490,34.8108822,117.3178922,2.5,17.7,51.0,26.2,26.9,27.6,29.0
Jalandhar,India,1167600,31.3323762,75.576889,22.1,4.8,283.0,51.1,52.9,3.0,187.0
Ma'anshan,China,1165590,31.6866105,118.5048377,12.2,18.1,84.0,20.4,22.1,27.1,59.0
Panjin,China,1163590,41.1796147,122.0524321,-7.3,4.6,18.0,39.6,41.0,45.4,18.0
Fuzhou Jiangxi,China,1159940,27.9511188,116.3530413,19.0,9.4,32.0,41.3,42.0,12.9,97.0
Sekondi Takoradi,Ghana,1159780,4.927456,-1.7490216,27.1,5.0,210.0,8.2,14.7,2.8,55.0
Yichun Jiangxi,China,1159390,27.81697,114.4112498,15.9,12.4,73.0,63.6,64.0,30.3,55.0
Yongin,South Korea,1157920,37.2405741,127.1785572,3.2,5.3,62.0,17.4,18.5,53.7,18.0
Cuernavaca,Mexico,1156360,18.9218274,-99.2342282,17.0,6.8,360.0,25.5,25.6,43.5,34.0
Samarinda,Indonesia,1154760,-0.5017804,117.1393089,29.1,6.2,291.0,9.4,9.6,1.3,55.0
Aden,Yemen,1154410,12.789585,45.028504,26.5,14.0,125.0,12.3,18.2,0.5,97.0
Samara,Russia,1153710,53.1956255,50.1014927,-1.2,14.2,204.0,5.2,5.8,6.2,26.0
Shangrao,China,1153600,28.4582821,117.9381305,17.4,24.0,43.0,33.3,34.8,5.5,112.0
Chihuahua,Mexico,1153540,28.6368669,-106.076745,9.1,7.9,273.0,9.1,9.2,33.6,26.0
Cologne,Germany,1153230,50.938361,6.959974,7.6,14.4,137.0,18.8,20.8,33.3,17.0
Asmara,Eritrea,1152180,15.3389667,38.9326763,22.6,9.1,288.0,8.1,11.5,0.3,92.0
Bishkek,Kyrgyzstan,1151220,42.8761424,74.6036724,13.6,8.6,112.0,14.3,16.1,7.4,96.0
Chenzhou,China,1150530,25.7733598,113.0094337,17.0,3.5,24.0,44.0,44.2,10.0,98.0
Zhaoqing,China,1150480,23.0501661,112.4603629,23.0,8.6,105.0,48.8,49.1,34.0,89.0
Ufa,Russia,1148400,54.7261409,55.947499,-5.9,13.7,182.0,8.4,9.9,5.6,51.0
Nyala,Sudan,1145590,12.0505098,24.8795115,24.5,23.2,42.0,41.6,249.6,0.6,66.0
Leshan,China,1142870,29.5851296,103.747791,16.1,6.2,350.0,36.1,36.3,11.9,81.0
Rostov-on-Don,Russia,1140390,47.2222596,39.7198736,4.0,13.2,225.0,5.8,6.8,16.3,40.0
Dezhou,China,1133630,37.4363704,116.3534091,-1.3,7.0,55.0,18.9,21.2,14.4,47.0
San Salvador,El Salvador,1132420,13.697629,-89.191156,19.4,6.0,33.0,10.4,10.5,14.3,17.0
Diyarbakir,Turkey,1128360,37.9162222,40.2363542,9.1,5.6,345.0,16.4,18.4,7.0,55.0
Kirkuk,Iraq,1128190,35.4719308,44.3953896,12.2,17.8,126.0,13.3,18.8,4.1,78.0
Johor Bahru,Malaysia,1127520,1.4581986,103.7649059,29.5,4.7,293.0,10.1,10.3,9.1,95.0
Changshu,China,1123540,31.6572954,120.7480757,10.4,15.3,66.0,14.9,17.6,33.0,52.0
Goyang,South Korea,1121440,37.6581862,126.8319452,3.3,7.1,49.0,27.5,28.8,58.8,13.0
Managua,Nicaragua,1120900,12.1547116,-86.273725,24.3,18.9,76.0,2.3,2.9,1.3,53.0
Kermanshah,Iran,1117360,34.3239414,47.0735891,6.8,2.6,124.0,3.7,6.8,8.2,71.0
Xuchang,China,1117100,34.0392527,113.8461624,-0.4,17.9,15.0,26.5,28.2,28.8,32.0
Oslo,Norway,1115580,59.9133301,10.7389701,3.0,11.5,63.0,12.0,15.9,21.7,7.0
Huzhou,China,1114370,30.8942995,120.0851114,12.1,15.8,78.0,34.1,37.6,60.5,26.0
Solapur,India,1108180,17.6699734,75.9008118,29.1,6.1,93.0,11.9,13.8,0.9,145.0
Cartagena,Colombia,1105540,10.4265566,-75.5441671,28.6,22.9,48.0,6.8,9.7,5.1,49.0
Yerevan,Armenia,1100240,40.1777112,44.5126233,5.9,2.9,240.0,21.2,24.3,18.8,37.0
Ilorin,Nigeria,1099960,8.4963657,4.5480484,24.8,7.9,204.0,35.2,68.7,2.5,97.0
Mersin,Turkey,1099040,36.7978381,34.6298391,15.9,3.3,103.0,8.4,9.7,26.1,32.0
Denpasar,Indonesia,1097310,-8.6524973,115.2191175,28.5,14.2,254.0,12.0,15.4,1.8,74.0
Qujing,China,1092200,25.4936418,103.7943084,17.2,29.7,256.0,7.1,7.9,0.9,119.0
Lille,France,1091590,50.6365654,3.0635282,10.1,12.6,170.0,14.3,17.3,22.0,20.0
Tbilisi,Georgia,1087020,41.6934591,44.8014495,9.8,4.3,355.0,10.8,14.9,12.7,40.0
Guiping,China,1086960,23.3916357,110.074064,19.6,5.5,58.0,47.8,48.2,13.5,81.0
Voronezh,Russia,1086000,51.6605982,39.2005858,3.0,6.5,251.0,14.6,16.9,26.7,9.0
Perm,Russia,1085990,58.0108531,56.2318528,-4.0,10.9,186.0,1.5,1.6,3.5,51.0
Marrakech,Morocco,1085330,31.6258257,-7.9891608,7.1,3.1,126.0,17.3,30.9,18.5,13.0
Aracaju,Brazil,1081930,-10.9162061,-37.0774655,23.5,5.8,22.0,11.9,14.3,5.0,36.0
Warangal,India,1080490,17.9820644,79.5970954,27.1,7.7,11.0,19.7,21.7,1.3,167.0
Toulouse,France,1080180,43.6044638,1.4442433,6.9,3.3,41.0,10.0,16.7,30.5,22.0
Yueyang,China,1079980,29.3594838,113.1229551,10.2,19.8,359.0,71.2,71.7,39.1,58.0
Hamah,Syria,1078650,35.1343368,36.7496276,12.6,6.0,327.0,14.8,17.9,2.1,51.0
Tampico,Mexico,1077740,22.2157619,-97.8577713,21.0,4.3,175.0,5.9,7.8,2.8,67.0
Warri,Nigeria,1076120,5.5186186,5.7480196,27.8,5.6,130.0,21.1,33.3,3.2,59.0
Xintai,China,1073060,35.9094557,117.7620286,-0.1,12.7,45.0,26.8,29.3,30.8,30.0
Padang,Indonesia,1072560,-0.9247587,100.3632561,27.8,6.4,286.0,6.1,6.3,2.2,57.0
Teresina,Brazil,1068550,-5.0874608,-42.8049571,25.6,3.6,323.0,10.8,11.5,6.9,25.0
Saltillo,Mexico,1066100,25.4230425,-100.9927509,12.8,13.8,221.0,9.6,9.6,47.3,20.0
Cancun,Mexico,1065400,21.1527467,-86.8425761,21.0,4.0,27.0,7.7,11.2,0.7,89.0
Antwerp,Belgium,1064870,51.2211097,4.3997081,8.6,7.9,161.0,15.3,20.5,35.1,3.0
Owerri,Nigeria,1063680,5.489736,7.0341973,28.0,7.6,183.0,36.8,53.7,6.0,64.0
Cebu City,Philippines,1061620,10.2934946,123.9018183,27.9,5.8,360.0,2.9,3.6,1.8,64.0
Nampula,Mozambique,1057290,-15.1194063,39.2615886,23.8,2.5,225.0,2.6,2.7,0.6,42.0
Changwon,South Korea,1056980,35.227956,128.6818586,5.5,10.2,67.0,4.3,5.3,17.5,61.0
Chengde,China,1052320,40.9507147,117.9567031,-5.4,3.2,90.0,16.2,17.3,15.7,49.0
San Miguel de Tucuman,Argentina,1051040,-26.8303703,-65.2038133,19.9,1.8,270.0,14.3,14.7,7.2,53.0
Lubango,Angola,1047810,-14.9195617,13.4897509,18.8,8.8,305.0,5.1,10.3,0.7,63.0
Acapulco de Juarez,Mexico,1046710,16.8680495,-99.8940182,28.2,5.5,328.0,15.3,17.1,4.3,83.0
Zhucheng,China,1045070,35.9957253,119.4041185,1.6,11.6,5.0,16.6,18.3,15.0,51.0
Leiyang,China,1043580,26.4255243,112.8545783,15.6,5.9,349.0,83.4,83.6,26.1,73.0
Dehradun,India,1041060,30.3255646,78.0436813,20.4,8.0,172.0,36.1,36.2,0.5,179.0
Dushanbe,Tajikistan,1039900,38.5762709,68.7863573,18.0,13.0,28.0,10.1,13.1,16.4,51.0
Kayseri,Turkey,1037250,38.7219011,35.4873214,3.8,4.7,266.0,13.8,16.0,13.2,30.0
Jos,Nigeria,1035090,9.9175125,8.8979401,24.0,13.6,127.0,78.9,267.3,3.5,78.0
Misratah,Libya,1034680,32.3745923,15.0905803,15.2,3.8,221.0,10.4,14.9,12.0,40.0
San Pedro Sula,Honduras,1034200,15.5053535,-88.0250839,21.4,3.7,281.0,6.5,7.1,9.2,24.0
Sylhet,Bangladesh,1032980,24.89922,91.8685271,26.5,3.6,84.0,9.3,9.5,0.9,143.0
Laiwu,China,1031440,36.2150252,117.6698329,0.1,9.4,32.0,28.7,31.3,35.0,27.0
Songkhla,Thailand,1030550,7.1973429,100.593205,27.8,8.6,68.0,3.7,5.0,0.9,76.0
Fort Worth,United States,1029221,32.753177,-97.3327459,9.8,5.4,70.0,5.9,6.0,14.2,46.0
Nonthaburi,Thailand,1026390,13.8428962,100.4937886,28.6,5.1,4.0,20.0,20.3,4.7,159.0
Rotterdam,Netherlands,1026250,51.9244424,4.47775,8.4,11.9,155.0,15.6,18.3,37.4,8.0
Jiujiang,China,1024430,29.6653828,115.9474861,13.1,20.6,57.0,33.5,34.1,27.6,36.0
Valparaiso,Chile,1024430,-33.0458456,-71.6196749,16.6,10.2,190.0,8.4,9.1,7.3,19.0
Jacksonville,United States,1024310,30.3321838,-81.655651,4.5,5.6,297.0,9.1,9.4,14.5,53.0
Bordeaux,France,1018070,44.841225,-0.5800364,9.2,10.5,153.0,12.3,15.5,18.8,19.0
Najaf,Iraq,1017660,32.0010227,44.3299926,13.8,3.1,126.0,13.5,18.2,5.3,59.0
Krasnodar,Russia,1017530,45.0351532,38.9772396,5.8,7.3,189.0,9.7,11.5,17.0,36.0
Agadir,Morocco,1017030,30.4205162,-9.5838532,13.6,4.7,94.0,8.3,15.4,7.4,62.0
Morelia,Mexico,1016230,19.7027116,-101.1923818,12.2,6.8,267.0,26.5,26.7,25.4,44.0
Bangui,Central African Republic,1016150,4.3635118,18.5835913,28.9,4.8,207.0,24.7,31.5,1.3,56.0
Guigang,China,1011500,23.1144539,109.5946193,21.5,4.1,105.0,46.1,46.3,15.0,84.0
Taiz,Yemen,1009450,13.5752242,44.0215268,25.5,11.2,264.0,37.5,259.8,0.2,92.0
Mudanjiang,China,1009260,44.5790216,129.6113766,-13.0,3.6,225.0,14.9,15.9,18.3,49.0
Hengshui,China,1008750,37.7364305,115.6677229,-0.5,4.8,48.0,19.6,21.8,19.6,42.0
Rajshahi,Bangladesh,1007020,24.3715513,88.5921038,24.6,3.9,34.0,28.6,29.7,0.0,164.0
Odesa,Ukraine,1006700,46.4843023,30.7322878,8.3,13.0,316.0,12.3,14.7,8.1,32.0
Xinyu,China,1003580,27.8214162,114.9124505,15.4,7.3,81.0,66.1,66.6,38.2,53.0
Linfen,China,1002710,36.0833056,111.5083202,-0.8,5.6,165.0,35.5,35.7,17.8,59.0
Zhangzhou,China,1002450,24.5164639,117.6424895,21.2,10.0,77.0,27.0,28.1,13.7,91.0
Tianmen,China,1000720,30.6659683,113.1605599,7.9,16.9,358.0,21.9,22.2,13.4,50.0
Austin,United States,1000511,30.2711286,-97.7436995,10.1,9.6,56.0,9.5,9.7,12.1,49.0
Liling,China,1000410,27.6500795,113.4923249,16.2,2.9,330.0,68.9,69.4,24.4,65.0
Jerusalem,Israel,996732,31.7788472,35.2257856,11.8,10.5,262.0,6.6,7.7,8.8,52.0
Yangjiang,China,995970,21.8603337,111.9776773,23.1,13.5,115.0,23.2,24.0,8.2,132.0
Zamboanga City,Philippines,995027,6.9046876,122.0764868,29.5,5.0,249.0,5.1,6.0,1.8,86.0
San Jose,United States,994288,37.3361663,-121.890591,4.7,2.5,135.0,19.1,19.3,51.1,9.0
Volgograd,Russia,992268,48.7081906,44.5153353,2.8,14.5,224.0,11.7,13.6,13.7,36.0
Ciudad Guayana,Venezuela,991388,8.3223763,-62.6896622,23.5,10.6,28.0,5.2,6.8,2.4,33.0
Cabinda,Angola,990695,-5.5576435,12.1919468,26.4,7.2,186.0,14.5,17.6,0.8,49.0
Umuahia,Nigeria,990439,5.5324032,7.4924165,27.9,7.6,188.0,27.1,44.5,5.4,61.0
Antipolo,Philippines,989859,14.5871972,121.1759246,28.8,7.8,56.0,4.8,6.0,5.1,60.0
Deyang,China,985078,31.1244028,104.39013,12.8,18.0,64.0,20.7,23.7,21.5,55.0
Arequipa,Peru,983715,-16.3988667,-71.5369607,13.9,7.7,49.0,16.6,77.1,23.0,21.0
Reynosa,Mexico,983121,26.0907673,-98.2788191,21.2,10.4,160.0,7.6,8.9,4.5,63.0
Baishan,China,983008,41.936895,126.4183792,-10.9,4.1,322.0,17.9,18.9,13.6,65.0
Jiangyin,China,982563,31.9215518,120.2808847,10.8,17.2,74.0,10.5,12.8,12.6,70.0
Cucuta,Colombia,981688,7.8971458,-72.5080387,23.0,5.4,250.0,8.4,8.4,17.2,7.0
Bogra,Bangladesh,981223,24.8500662,89.3728431,26.3,7.8,103.0,23.1,23.7,0.0,173.0
Veracruz,Mexico,981069,19.2003429,-96.1383572,21.3,4.2,239.0,11.8,14.6,14.8,49.0
Khulna,Bangladesh,980200,22.8171664,89.563759,26.0,4.7,356.0,36.4,39.9,0.0,171.0
Bengbu,China,975189,32.9176422,117.3825673,8.8,18.4,73.0,14.9,16.3,10.7,67.0
Pathum Thani,Thailand,974195,14.0203964,100.5340426,28.8,4.7,4.0,20.0,20.3,4.7,159.0
Villahermosa,Mexico,972373,17.9884657,-92.9366326,21.2,1.5,256.0,7.9,9.1,8.6,42.0
Bahawalpur,Pakistan,970074,29.394644,71.6638747,24.2,1.3,146.0,36.6,38.1,1.2,136.0
Southampton,United Kingdom,966741,50.9025349,-1.404189,11.4,13.6,169.0,5.2,8.5,14.0,41.0
Oran,Algeria,966494,35.7044415,-0.6502981,10.9,4.1,195.0,17.6,24.6,30.5,26.0
Guntur,India,962403,16.2915189,80.4541588,29.8,4.6,39.0,45.3,47.3,0.9,196.0
West Rand,South Africa,961625,-26.303655,27.7636345,21.1,22.1,341.0,10.5,10.7,2.4,99.0
Charlotte,United States,960608,35.2272086,-80.8430827,2.2,8.8,71.0,24.2,24.6,44.8,1.0
Nice,France,956195,43.7009358,7.2683912,12.1,8.7,353.0,7.4,10.0,19.4,26.0
Changzhi,China,949309,36.1830167,113.0992929,-4.1,4.7,9.0,28.2,29.0,20.3,56.0
Malang,Indonesia,948572,-7.9771308,112.6340265,23.3,9.4,220.0,32.7,34.0,7.2,105.0
Dandong,China,947488,40.1237658,124.3821748,-4.7,9.0,5.0,6.6,7.0,9.1,58.0
Hermosillo,Mexico,944348,29.0948207,-110.9692202,13.8,9.7,112.0,8.7,9.6,21.2,37.0
Bhiwandi,India,943921,19.3025562,73.0588072,31.5,3.4,288.0,15.5,15.8,4.7,160.0
Seongnam,South Korea,943458,37.4201556,127.1262092,3.5,5.2,56.0,30.3,31.7,57.1,17.0
Campo Grande,Brazil,943313,-20.4640173,-54.6162947,24.3,7.2,357.0,9.3,9.5,3.2,40.0
Londrina,Brazil,942459,-23.3112878,-51.1595023,20.6,2.3,141.0,99.9,101.0,68.5,5.0
Firozabad,India,941758,27.1527986,78.3991439,22.8,3.7,299.0,53.2,53.8,3.4,201.0
Ashgabat,Turkmenistan,941130,37.9404648,58.3823487,8.2,3.3,347.0,3.4,3.9,25.9,22.0
Puducherry,India,940911,11.9340568,79.8306447,27.9,11.8,31.0,42.6,47.6,1.5,167.0
Erbil,Iraq,940560,36.1911744,44.0094145,11.9,14.8,124.0,11.3,15.8,7.3,78.0
Columbus,United States,939962,39.9622601,-83.0007065,-2.5,5.7,35.0,9.2,9.2,21.0,38.0
Changde,China,938279,29.034552,111.6928724,9.2,19.0,15.0,23.6,23.7,18.9,25.0
Shangqiu,China,935079,34.4168215,115.6507447,-0.6,20.1,10.0,33.5,34.6,29.9,27.0
La Plata,Argentina,933193,-34.9206797,-57.9537638,19.3,14.6,279.0,7.4,7.5,12.5,35.0
Liaoyang,China,931630,41.2742898,123.1695757,-7.4,5.0,30.0,52.6,53.8,62.1,5.0
Dnipro,Ukraine,931255,48.4680221,35.0417711,7.6,9.6,304.0,15.9,18.7,11.4,23.0
Lokoja,Nigeria,931092,7.802355,6.7430327,28.6,10.0,193.0,31.9,52.3,2.0,84.0
Cherthala,India,931015,9.686177,76.3426114,29.5,10.6,280.0,33.2,35.5,2.2,176.0
Quzhou,China,929772,28.973887,118.8540924,15.2,17.1,51.0,25.6,27.1,7.3,98.0
Concepcion,Chile,929357,-36.8270698,-73.0502064,13.1,3.9,202.0,5.7,8.1,1.8,27.0
Trujillo,Peru,929188,-8.1116778,-79.0287742,18.7,6.8,162.0,11.4,16.8,8.9,25.0
Liverpool,United Kingdom,928997,53.4071991,-2.99168,9.6,8.6,258.0,1.6,3.0,14.1,68.0
Tuxtla Gutierrez,Mexico,927758,16.753801,-93.115959,19.6,8.0,333.0,2.7,2.8,3.2,57.0
Tyumen,Russia,926519,57.153534,65.542274,-7.4,12.6,193.0,8.8,10.1,5.6,56.0
Bergamo,Italy,923221,45.6944947,9.6698727,7.5,3.1,69.0,35.2,42.0,47.2,16.0
Xingtai,China,921011,37.0616519,114.499746,-1.6,9.5,29.0,17.3,18.9,13.6,54.0
Soshanguve,South Africa,919748,-25.5263889,28.0994444,22.2,10.1,354.0,6.2,6.5,1.7,88.0
Culiacan,Mexico,918494,24.7978965,-107.393395,18.8,4.4,81.0,11.6,11.6,29.8,20.0
Ulsan,South Korea,916236,35.5391697,129.3119136,5.9,11.5,44.0,5.3,7.1,18.3,59.0
Huangshi,China,908873,30.2024971,115.0334144,13.6,8.9,76.0,38.1,39.3,16.7,50.0
Enugu,Nigeria,906658,6.4496519,7.5136856,26.0,7.0,215.0,35.3,53.0,4.1,70.0
Yongzhou,China,904031,26.423568,111.6081495,16.2,8.4,47.0,90.3,90.6,16.8,82.0
Fuxin,China,903628,42.0151733,121.6452868,-8.4,4.7,157.0,13.2,13.8,16.1,49.0
Xinghua,China,902334,32.9139151,119.8476035,9.2,18.4,78.0,7.8,10.0,4.3,77.0
Bunia,DR Congo,900351,1.5620529,30.2478844,25.0,11.0,308.0,24.4,26.0,0.7,97.0
Libreville,Gabon,899225,0.4086518,9.4418849,27.4,5.5,101.0,5.6,6.2,3.2,60.0
Maiduguri,Nigeria,898535,11.8395375,13.1536214,22.1,9.8,73.0,95.7,441.4,1.7,47.0
Yibin,China,897493,28.7555245,104.6406023,15.9,9.2,349.0,53.3,53.4,20.8,67.0
Indianapolis,United States,892551,39.7683331,-86.1583502,-1.4,7.3,70.0,6.1,6.1,13.3,35.0
Huaihua,China,892519,27.5713952,109.9972341,11.9,14.5,354.0,94.3,94.5,11.3,66.0
Xinyang,China,890375,32.1461721,114.0852134,1.6,21.6,3.0,33.6,34.1,25.3,32.0
Xiaogan,China,887939,30.919414,113.9516901,8.1,23.8,359.0,30.5,31.2,18.5,49.0
Ipoh,Malaysia,887711,4.5986817,101.0900236,30.7,7.6,245.0,19.8,20.1,5.5,104.0
Yangquan,China,886584,37.8563328,113.5740284,-6.6,3.8,73.0,17.8,18.9,18.8,53.0
Kottayam,India,885396,9.591564,76.5221599,31.0,9.2,281.0,33.2,35.5,2.2,176.0
Luzhou,China,884046,28.8744722,105.4385063,15.4,6.4,322.0,65.4,65.7,24.4,61.0
Tainan,Taiwan,880865,22.9912348,120.184982,22.9,31.8,355.0,24.4,30.4,22.5,97.0
Tianshui,China,878063,34.5797531,105.7062921,1.2,27.4,358.0,5.8,7.0,2.5,82.0
Benguela,Angola,878004,-12.5790048,13.4037117,28.1,4.9,306.0,8.1,11.5,2.8,59.0
Bozhou,China,877072,33.8490794,115.7730968,0.6,18.7,11.0,40.2,41.4,28.8,27.0
Donetsk,Ukraine,876063,48.0158753,37.8013407,4.2,9.0,265.0,14.2,16.4,7.8,31.0
Zanzibar,Tanzania,873982,-6.1664908,39.2074312,27.8,6.6,9.0,5.1,7.1,0.2,42.0
Kunshan,China,873638,31.3869323,120.9764683,10.8,15.6,64.0,32.0,34.8,64.3,21.0
Zhuji,China,869441,29.7112121,120.2419855,14.2,12.9,60.0,14.4,16.5,11.0,86.0
Jincheng,China,863282,35.4913132,112.8454497,-0.1,1.5,284.0,34.7,34.9,15.7,82.0
Malanje,Angola,861380,-9.5483991,16.3475335,22.5,6.8,288.0,2.6,3.3,0.4,46.0
Eskisehir,Turkey,860518,39.7743941,30.519116,3.5,3.1,36.0,23.4,29.3,16.5,26.0
Orumiyeh,Iran,860169,37.548341,45.0667111,5.7,2.9,97.0,9.6,17.9,12.6,66.0
Nellore,India,858853,14.4493717,79.9873763,28.0,9.9,46.0,41.6,45.1,1.3,177.0
Quebec,Canada,858207,46.8137431,-71.2084061,-8.8,24.4,251.0,1.2,1.6,1.1,77.0
Winnipeg,Canada,857367,49.8955367,-97.1384584,-14.1,18.5,327.0,2.0,2.4,2.3,59.0
Bikaner,India,853869,28.0159286,73.3171367,26.5,4.3,318.0,8.2,8.3,0.4,125.0
Heze,China,851474,35.2477266,115.4464761,-0.6,13.7,14.0,25.1,26.9,28.6,28.0
Zhumadian,China,851392,33.0115818,114.0164565,0.1,19.8,3.0,25.3,26.5,31.1,26.0
Palermo,Italy,851282,38.1112268,13.3524434,13.9,2.9,240.0,11.0,13.2,30.7,43.0
Huludao,China,851156,40.7515443,120.8404789,-6.3,1.8,90.0,10.6,11.6,20.3,44.0
Taixing,China,848379,32.1684583,120.0165362,9.8,18.0,74.0,12.5,14.8,21.7,59.0
Haicheng,China,848129,40.8522995,122.7477959,-7.5,6.6,29.0,37.4,38.8,46.6,18.0
Anqiu,China,847608,36.4794705,119.2129818,1.1,10.1,4.0,20.1,22.4,21.0,44.0
Ibb,Yemen,847350,13.9701578,44.1779446,21.5,9.9,314.0,23.6,134.6,0.1,87.0
Gebze,Turkey,846841,40.8006696,29.431767,9.6,3.1,135.0,58.3,67.8,30.1,13.0
Sulaimaniya,Iraq,846517,35.5570501,45.4425963,9.1,2.9,180.0,7.4,12.7,5.1,77.0
Langfang,China,846438,39.5302055,116.6926134,-3.2,8.1,103.0,29.7,31.8,47.9,17.0
Liaocheng,China,845854,36.4441808,115.9642007,-1.0,10.5,38.0,22.9,25.1,25.1,33.0
Gaomi,China,841911,36.3654065,119.8005385,2.0,11.5,4.0,16.9,18.6,19.1,47.0
Valencia,Spain,841354,39.4697065,-0.3763353,9.0,4.3,294.0,19.9,30.4,38.2,7.0
Hanchuan,China,839309,30.6562575,113.8329583,8.3,23.0,360.0,30.5,31.2,18.5,49.0
Dasmarinas,Philippines,839131,14.3270819,120.9370871,28.5,18.4,91.0,9.2,10.9,8.3,78.0
Kayamkulam,India,838870,9.1723603,76.500061,27.9,13.7,267.0,46.4,48.5,2.1,190.0
Meishan,China,837335,30.079061,103.8458201,15.1,13.8,47.0,46.2,46.9,35.0,44.0
Saratov,Russia,837323,51.530018,46.034683,0.6,10.1,207.0,2.5,2.6,5.7,38.0
Muzaffarnagar,India,836997,29.4662369,77.6961699,21.1,3.1,234.0,81.0,82.4,2.8,213.0
Xalapa,Mexico,834581,19.5408338,-96.9146374,12.8,4.0,185.0,5.7,6.3,8.5,42.0
Newcastle upon Tyne,United Kingdom,834242,54.9738474,-1.6131572,9.1,10.8,206.0,5.2,6.9,11.8,42.0
Ar-Rayyan,Qatar,831689,25.296619,51.434626,27.1,10.5,202.0,20.3,45.6,13.0,85.0
Danyang,China,829276,32.0109736,119.6012702,10.6,16.0,76.0,13.3,15.6,21.0,59.0
Sorocaba,Brazil,829049,-23.5003451,-47.4582864,18.6,2.2,99.0,48.5,49.6,36.0,19.0
Merca,Somalia,828008,1.7148358,44.7699326,32.0,18.1,73.0,11.0,14.8,0.1,69.0
Bucheon,South Korea,827603,37.5014422,126.7660139,3.2,5.8,30.0,27.5,28.8,58.8,13.0
Amravati,India,824965,20.9316219,77.7588455,28.6,3.1,111.0,12.8,12.8,5.4,143.0
Kitwe,Zambia,823625,-12.8203689,28.2155973,18.4,6.5,357.0,3.8,3.8,0.5,52.0
Oshogbo,Nigeria,822497,7.7791666,4.5538891,26.0,4.7,176.0,27.6,57.0,3.1,93.0
Nakhon Ratchasima,Thailand,821187,14.9747339,102.0981161,27.8,7.4,47.0,7.1,7.4,0.8,95.0
Jiaozuo,China,820064,35.2156785,113.2356748,-2.0,6.3,193.0,29.7,32.0,28.7,37.0
Goma,DR Congo,819854,-1.6665685,29.225652,25.4,1.5,166.0,15.2,15.6,0.7,83.0
Nottingham,United Kingdom,819334,52.9534193,-1.1496461,9.6,7.6,135.0,5.8,8.6,11.7,42.0
Bologna,Italy,819297,44.4938203,11.3426327,8.1,4.7,279.0,29.0,34.0,27.0,16.0
Gorakhpur,India,816586,26.7600217,83.3668129,23.4,4.1,142.0,62.2,66.8,0.1,192.0
San Francisco,United States,815701,37.7879363,-122.4075201,8.2,19.2,17.0,39.5,39.8,49.7,0.0
Thessaloniki,Greece,815472,40.6403167,22.9352716,10.1,2.7,293.0,38.6,40.8,22.3,32.0
Linhai,China,813794,28.8616886,121.1402223,14.4,9.5,61.0,10.9,13.7,7.4,87.0
Yan'an,China,813599,36.602796,109.4873978,-1.7,24.3,331.0,8.1,21.2,1.4,67.0
Vereeniging,South Africa,812913,-26.6747222,27.9261111,22.5,20.3,335.0,15.4,15.5,5.6,122.0
Anqing,China,811560,30.5276161,117.0515956,12.2,18.6,22.0,31.5,32.7,23.5,50.0
Zaria,Nigeria,809652,11.1134917,7.7188449,24.4,15.5,91.0,162.5,1028.2,4.3,77.0
Shaoguan,China,805079,24.8136095,113.5922116,17.1,3.1,21.0,48.0,48.1,26.0,83.0
Cuttack,India,804914,20.4686,85.8792,27.4,6.3,336.0,57.9,61.7,0.6,200.0
Dengzhou,China,804189,32.6880537,112.0818901,1.2,8.9,50.0,14.8,15.2,26.6,27.0
Frankfurt,Germany,803758,50.1106444,8.6820917,6.9,0.5,135.0,16.9,19.1,36.1,9.0
Akure,Nigeria,803062,7.2525595,5.1932647,25.9,3.9,158.0,19.3,43.7,2.3,79.0
Belgaum,India,799729,15.8572666,74.5069343,28.0,13.7,87.0,12.4,14.5,1.6,162.0
Malegaon,India,799708,20.5576062,74.5246514,26.9,8.6,90.0,12.4,12.5,1.2,147.0
Banjarmasin,Indonesia,799706,-3.3187496,114.5925828,30.0,8.4,277.0,5.4,5.7,1.7,52.0
Tirupati,India,797302,13.6316368,79.4231711,27.1,10.8,60.0,40.3,43.0,0.9,171.0
Yuncheng,China,797246,35.027637,111.002141,2.0,2.9,173.0,11.1,11.4,15.7,51.0
Yuxi,China,795748,24.3511487,102.527044,17.1,15.0,249.0,7.9,8.1,0.4,114.0
Niigata,Japan,793974,37.9163757,139.0365062,2.7,23.1,309.0,4.1,6.5,1.4,81.0
Hamilton,Canada,793083,43.2560802,-79.8728583,-8.1,16.3,235.0,3.0,3.2,5.9,72.0
Yanji,China,792664,42.9047375,129.5043827,-8.6,4.3,318.0,5.1,5.8,5.9,68.0
Zigong,China,791579,29.3419256,104.7761224,17.5,9.2,11.0,41.6,42.6,16.8,63.0
Seattle,United States,791093,47.6038321,-122.330062,7.9,4.4,171.0,13.0,14.4,54.1,28.0
Shaoyang,China,790986,27.2431609,111.4624572,15.8,9.7,68.0,107.8,108.3,29.5,56.0
Qingyuan,China,790694,23.6832984,113.0505994,21.6,2.8,40.0,44.8,45.2,20.3,102.0
Maturin,Venezuela,789918,9.7422774,-63.1888854,21.5,3.1,36.0,16.1,17.9,6.6,25.0
Sialkot,Pakistan,789386,32.4935378,74.5411575,20.6,6.3,239.0,73.3,74.7,5.8,211.0
Tongliao,China,788345,43.6151762,122.2601035,-7.9,7.7,191.0,4.9,5.4,8.4,54.0
Nay Pyi Taw,Myanmar,788238,19.7753289,96.1032552,28.8,7.8,338.0,7.0,7.2,0.4,107.0
Tongling,China,786000,30.9474585,117.805068,12.6,17.1,65.0,20.1,21.2,28.1,52.0
Dazhou,China,785116,31.2101038,107.4629791,11.8,12.2,19.0,23.8,24.0,10.6,56.0
Al-Hudaydah,Yemen,784856,14.7978677,42.9544872,26.0,12.3,220.0,13.9,28.7,1.1,101.0
Tamale,Ghana,784420,9.4051992,-0.8423986,28.6,11.3,187.0,26.4,35.6,1.9,76.0
Wuzhou,China,784261,23.478767,111.277099,21.1,5.2,56.0,39.8,40.2,16.6,104.0
Mangalore,India,778685,12.8698101,74.8430082,29.9,4.7,180.0,25.7,26.3,1.5,159.0
Amara,Iraq,778052,31.8497708,47.1496466,14.6,3.6,233.0,20.5,37.1,6.1,72.0
Huambo,Angola,777336,-12.7772455,15.7346713,19.2,1.9,22.0,4.2,5.2,1.2,68.0
Zhangjiagang,China,775312,31.8782976,120.5514595,10.0,14.6,70.0,10.5,12.8,12.6,70.0
Sargodha,Pakistan,775091,32.0889657,72.6776943,20.9,5.4,217.0,55.8,56.0,4.3,148.0
Bacoor,Philippines,774229,14.458816,120.959579,28.5,19.4,89.0,9.2,10.9,8.3,78.0
Jiamusi,China,774118,46.8037423,130.3747185,-13.9,8.6,213.0,17.6,18.7,13.3,50.0
Dongtai,China,773030,32.8705885,120.3153607,8.2,15.4,74.0,6.9,9.5,2.9,80.0
Nanded Waghala,India,772996,19.169335,77.311013,30.4,8.2,75.0,16.8,17.1,0.5,146.0
Ansan,South Korea,771029,37.3217152,126.8308604,4.2,8.5,54.0,20.4,21.4,58.4,12.0
Krakow,Poland,769375,50.0619474,19.9368564,4.4,8.3,275.0,24.2,26.1,23.6,25.0
Lattakia,Syria,767534,35.5200185,35.7781044,16.0,6.1,40.0,10.8,12.2,2.0,60.0
Bhavnagar,India,766887,21.7718836,72.1416449,28.2,9.2,42.0,15.4,15.5,1.4,152.0
Ankang,China,766403,32.7064648,109.0177837,7.2,4.6,135.0,7.4,7.4,14.4,27.0
Kurnool,India,765324,15.8309251,78.0425373,29.3,6.6,77.0,19.3,23.3,0.5,146.0
Taicang,China,764938,31.4590371,121.1264772,10.1,14.7,62.0,17.2,20.0,28.6,60.0
Sao Jose dos Campos,Brazil,764500,-23.1867782,-45.8854538,16.2,2.9,330.0,11.7,12.1,16.1,22.0
Panzhihua,China,761755,26.5860102,101.7179276,21.6,2.0,135.0,20.1,20.5,6.3,135.0
Sokoto,Nigeria,761331,13.0610588,5.2373194,23.5,11.3,97.0,135.0,1024.5,3.0,58.0
Uvira,DR Congo,760857,-3.4055866,29.1375509,16.9,11.6,64.0,15.9,16.1,0.7,86.0
Zarqa,Jordan,758893,32.0668425,36.0885771,14.2,11.9,284.0,9.7,12.0,4.9,59.0
Yuyao,China,758680,30.0403094,121.1500882,13.2,16.1,61.0,12.0,15.3,9.3,86.0
Cotonou,Benin,757989,6.3676953,2.4252507,28.6,3.9,202.0,10.4,22.7,3.1,74.0
Rasht,Iran,757765,37.2793607,49.5846102,15.6,4.0,350.0,7.2,9.4,17.2,42.0
Ribeirao Preto,Brazil,757604,-21.1776315,-47.8100983,21.5,3.0,104.0,140.6,142.0,74.5,2.0
Oaxaca de Juarez,Mexico,757292,17.0604663,-96.7253575,8.7,2.9,300.0,6.7,6.9,3.0,69.0
Sheffield,United Kingdom,756783,53.3806626,-1.4702278,9.6,11.5,176.0,6.3,8.2,11.3,44.0
Buffalo City,South Africa,756507,-32.898422,27.8825707,27.0,8.3,214.0,4.5,5.5,1.7,83.0
Vientiane,Laos,755941,17.9640988,102.6133707,25.6,6.3,347.0,7.9,8.3,0.7,107.0
Yulin Shaanxi,China,754296,38.5323822,109.8792418,-4.7,30.5,315.0,8.0,20.8,3.6,60.0
Bali,Indonesia,753877,-7.962132,112.753241,27.8,10.8,195.0,32.7,34.0,7.2,105.0
Herat,Afghanistan,752910,34.3491443,62.2163252,20.2,8.2,195.0,7.8,15.4,0.8,86.0
Longyan,China,752672,25.0767425,117.0123483,18.1,4.7,94.0,27.0,28.6,8.3,86.0
Gold Coast,Australia,752570,-28.0023731,153.4145987,21.2,7.9,106.0,6.5,10.3,2.0,44.0
Gulbarga,India,751802,17.3310003,76.8334228,29.9,8.3,88.0,16.2,19.9,1.3,148.0
Jammu,India,751521,32.7185614,74.8580917,21.2,8.6,213.0,53.0,54.1,5.4,184.0
Miluo,China,751457,28.8101339,113.0613336,11.2,19.5,356.0,81.7,82.0,29.6,74.0
